time_sec,x_ref,y_ref,z_ref,x_actual,y_actual,z_actual,error_x,error_y,error_z,total_error
0.00000,0.00000,0.00000,0.00000,0.00000,0.00000,0.00000,0.00000,0.00000,0.00000,0.00000
0.00833,0.00000,-0.00000,0.00000,-0.00000,0.00000,0.00393,-0.00000,0.00000,0.00393,0.00393
0.01667,0.00000,-0.00000,0.00000,-0.00000,0.00000,0.00762,-0.00000,0.00000,0.00762,0.00762
0.02500,0.00000,-0.00000,0.00000,-0.00000,0.00000,0.01106,-0.00000,0.00000,0.01105,0.01105
0.03333,0.00000,-0.00000,0.00001,0.00000,0.00000,0.01426,-0.00000,0.00000,0.01426,0.01426
0.04167,0.00001,-0.00001,0.00001,0.00000,-0.00000,0.01724,-0.00000,0.00000,0.01723,0.01723
0.05000,0.00001,-0.00001,0.00002,0.00001,-0.00000,0.02001,-0.00001,0.00001,0.01999,0.01999
0.05833,0.00002,-0.00001,0.00003,0.00001,-0.00001,0.02256,-0.00001,0.00001,0.02253,0.02253
0.06667,0.00003,-0.00002,0.00004,0.00002,-0.00001,0.02491,-0.00001,0.00001,0.02486,0.02486
0.07500,0.00004,-0.00003,0.00006,0.00003,-0.00002,0.02706,-0.00001,0.00001,0.02700,0.02700
0.08333,0.00006,-0.00004,0.00009,0.00004,-0.00003,0.02903,-0.00002,0.00001,0.02894,0.02894
0.09167,0.00008,-0.00006,0.00011,0.00006,-0.00004,0.03081,-0.00002,0.00002,0.03070,0.03070
0.10000,0.00010,-0.00007,0.00015,0.00008,-0.00005,0.03242,-0.00002,0.00002,0.03228,0.03228
0.10833,0.00013,-0.00009,0.00019,0.00010,-0.00007,0.03387,-0.00003,0.00002,0.03368,0.03368
0.11667,0.00016,-0.00012,0.00023,0.00012,-0.00009,0.03515,-0.00003,0.00003,0.03491,0.03491
0.12500,0.00019,-0.00014,0.00029,0.00015,-0.00011,0.03628,-0.00004,0.00003,0.03599,0.03599
0.13333,0.00023,-0.00017,0.00035,0.00019,-0.00014,0.03726,-0.00004,0.00004,0.03691,0.03691
0.14167,0.00028,-0.00021,0.00042,0.00023,-0.00017,0.03809,-0.00005,0.00004,0.03768,0.03768
0.15000,0.00033,-0.00025,0.00049,0.00027,-0.00020,0.03879,-0.00006,0.00005,0.03830,0.03830
0.15833,0.00039,-0.00029,0.00058,0.00032,-0.00024,0.03936,-0.00006,0.00005,0.03878,0.03878
0.16667,0.00045,-0.00034,0.00068,0.00038,-0.00028,0.03981,-0.00007,0.00006,0.03913,0.03913
0.17500,0.00052,-0.00039,0.00078,0.00044,-0.00033,0.04014,-0.00008,0.00007,0.03935,0.03935
0.18333,0.00060,-0.00045,0.00090,0.00051,-0.00038,0.04035,-0.00009,0.00007,0.03945,0.03945
0.19167,0.00068,-0.00051,0.00103,0.00058,-0.00043,0.04045,-0.00010,0.00008,0.03943,0.03943
0.20000,0.00078,-0.00058,0.00116,0.00067,-0.00049,0.04045,-0.00011,0.00009,0.03929,0.03929
0.20833,0.00088,-0.00066,0.00131,0.00075,-0.00056,0.04036,-0.00012,0.00010,0.03904,0.03904
0.21667,0.00098,-0.00074,0.00148,0.00085,-0.00063,0.04017,-0.00014,0.00011,0.03869,0.03869
0.22500,0.00110,-0.00083,0.00165,0.00095,-0.00071,0.03988,-0.00015,0.00012,0.03823,0.03823
0.23333,0.00123,-0.00092,0.00184,0.00106,-0.00079,0.03952,-0.00016,0.00013,0.03768,0.03768
0.24167,0.00136,-0.00102,0.00204,0.00118,-0.00088,0.03908,-0.00018,0.00014,0.03703,0.03704
0.25000,0.00150,-0.00113,0.00226,0.00131,-0.00098,0.03856,-0.00019,0.00015,0.03630,0.03630
0.25833,0.00166,-0.00124,0.00249,0.00145,-0.00108,0.03797,-0.00021,0.00016,0.03548,0.03548
0.26667,0.00182,-0.00137,0.00273,0.00160,-0.00119,0.03731,-0.00023,0.00018,0.03458,0.03458
0.27500,0.00199,-0.00150,0.00299,0.00175,-0.00131,0.03659,-0.00024,0.00019,0.03360,0.03360
0.28333,0.00218,-0.00163,0.00327,0.00192,-0.00143,0.03581,-0.00026,0.00020,0.03254,0.03254
0.29167,0.00237,-0.00178,0.00356,0.00209,-0.00156,0.03498,-0.00028,0.00022,0.03141,0.03142
0.30000,0.00258,-0.00193,0.00387,0.00228,-0.00170,0.03409,-0.00030,0.00024,0.03022,0.03022
0.30833,0.00280,-0.00210,0.00420,0.00247,-0.00185,0.03316,-0.00032,0.00025,0.02896,0.02897
0.31667,0.00303,-0.00227,0.00454,0.00268,-0.00200,0.03218,-0.00035,0.00027,0.02764,0.02765
0.32500,0.00327,-0.00245,0.00490,0.00290,-0.00217,0.03117,-0.00037,0.00029,0.02626,0.02627
0.33333,0.00352,-0.00264,0.00528,0.00313,-0.00234,0.03011,-0.00039,0.00030,0.02483,0.02484
0.34167,0.00379,-0.00284,0.00568,0.00337,-0.00252,0.02903,-0.00042,0.00032,0.02335,0.02335
0.35000,0.00407,-0.00305,0.00610,0.00362,-0.00271,0.02791,-0.00044,0.00034,0.02181,0.02182
0.35833,0.00436,-0.00327,0.00654,0.00375,-0.00279,0.02731,-0.00061,0.00047,0.02078,0.02079
0.36667,0.00466,-0.00350,0.00699,0.00444,-0.00341,0.03091,-0.00022,0.00008,0.02392,0.02392
0.37500,0.00498,-0.00374,0.00747,0.00513,-0.00402,0.03430,0.00015,-0.00029,0.02682,0.02683
0.38333,0.00531,-0.00399,0.00797,0.00582,-0.00462,0.03748,0.00050,-0.00063,0.02951,0.02952
0.39167,0.00566,-0.00425,0.00849,0.00650,-0.00521,0.04046,0.00083,-0.00097,0.03197,0.03199
0.40000,0.00602,-0.00452,0.00903,0.00716,-0.00580,0.04325,0.00114,-0.00128,0.03422,0.03426
0.40833,0.00640,-0.00480,0.00960,0.00782,-0.00637,0.04586,0.00142,-0.00157,0.03626,0.03632
0.41667,0.00679,-0.00509,0.01018,0.00846,-0.00694,0.04829,0.00167,-0.00184,0.03810,0.03818
0.42500,0.00720,-0.00540,0.01079,0.00908,-0.00750,0.05055,0.00188,-0.00210,0.03976,0.03986
0.43333,0.00762,-0.00571,0.01143,0.00968,-0.00806,0.05265,0.00206,-0.00234,0.04122,0.04134
0.44167,0.00805,-0.00604,0.01208,0.01026,-0.00861,0.05460,0.00221,-0.00257,0.04251,0.04265
0.45000,0.00851,-0.00638,0.01276,0.01083,-0.00918,0.05640,0.00232,-0.00280,0.04363,0.04378
0.45833,0.00898,-0.00673,0.01347,0.01137,-0.00975,0.05805,0.00240,-0.00301,0.04458,0.04475
0.46667,0.00946,-0.00710,0.01420,0.01191,-0.01032,0.05957,0.00244,-0.00322,0.04538,0.04556
0.47500,0.00997,-0.00748,0.01495,0.01243,-0.01091,0.06097,0.00246,-0.00343,0.04602,0.04621
0.48333,0.01049,-0.00787,0.01573,0.01294,-0.01151,0.06224,0.00245,-0.00364,0.04651,0.04672
0.49167,0.01103,-0.00827,0.01654,0.01345,-0.01212,0.06340,0.00242,-0.00385,0.04686,0.04708
0.50000,0.01158,-0.00869,0.01737,0.01395,-0.01274,0.06444,0.00237,-0.00405,0.04707,0.04730
0.50833,0.01215,-0.00912,0.01823,0.01446,-0.01336,0.06538,0.00230,-0.00425,0.04715,0.04740
0.51667,0.01275,-0.00956,0.01912,0.01496,-0.01399,0.06623,0.00221,-0.00443,0.04711,0.04737
0.52500,0.01335,-0.01002,0.02003,0.01546,-0.01463,0.06698,0.00210,-0.00461,0.04694,0.04722
0.53333,0.01398,-0.01049,0.02097,0.01595,-0.01527,0.06764,0.00197,-0.00478,0.04666,0.04695
0.54167,0.01463,-0.01097,0.02194,0.01645,-0.01591,0.06821,0.00182,-0.00494,0.04627,0.04657
0.55000,0.01530,-0.01147,0.02294,0.01693,-0.01656,0.06871,0.00164,-0.00509,0.04577,0.04608
0.55833,0.01598,-0.01199,0.02397,0.01742,-0.01721,0.06914,0.00144,-0.00523,0.04517,0.04549
0.56667,0.01668,-0.01251,0.02503,0.01790,-0.01787,0.06949,0.00121,-0.00535,0.04447,0.04480
0.57500,0.01741,-0.01306,0.02611,0.01837,-0.01853,0.06978,0.00096,-0.00547,0.04367,0.04402
0.58333,0.01815,-0.01361,0.02723,0.01884,-0.01920,0.07002,0.00068,-0.00558,0.04279,0.04315
0.59167,0.01892,-0.01419,0.02838,0.01930,-0.01988,0.07019,0.00038,-0.00569,0.04182,0.04220
0.60000,0.01970,-0.01478,0.02955,0.01975,-0.02057,0.07032,0.00005,-0.00579,0.04076,0.04117
0.60833,0.02051,-0.01538,0.03076,0.02021,-0.02127,0.07039,-0.00030,-0.00589,0.03963,0.04007
0.61667,0.02133,-0.01600,0.03200,0.02066,-0.02199,0.07043,-0.00068,-0.00599,0.03842,0.03889
0.62500,0.02218,-0.01664,0.03327,0.02111,-0.02272,0.07042,-0.00108,-0.00608,0.03715,0.03766
0.63333,0.02305,-0.01729,0.03458,0.02155,-0.02346,0.07038,-0.00150,-0.00617,0.03580,0.03636
0.64167,0.02394,-0.01796,0.03591,0.02200,-0.02422,0.07031,-0.00194,-0.00626,0.03439,0.03501
0.65000,0.02485,-0.01864,0.03728,0.02246,-0.02500,0.07020,-0.00240,-0.00636,0.03292,0.03362
0.65833,0.02579,-0.01934,0.03868,0.02292,-0.02579,0.07008,-0.00287,-0.00645,0.03139,0.03218
0.66667,0.02675,-0.02006,0.04012,0.02338,-0.02660,0.06993,-0.00337,-0.00654,0.02981,0.03070
0.67500,0.02772,-0.02079,0.04159,0.02385,-0.02743,0.06976,-0.00387,-0.00664,0.02817,0.02920
0.68333,0.02873,-0.02155,0.04309,0.02433,-0.02828,0.06958,-0.00439,-0.00673,0.02649,0.02768
0.69167,0.02975,-0.02231,0.04463,0.02482,-0.02914,0.06939,-0.00493,-0.00683,0.02476,0.02615
0.70000,0.03080,-0.02310,0.04620,0.02533,-0.03003,0.06919,-0.00547,-0.00693,0.02299,0.02462
0.70833,0.03187,-0.02390,0.04781,0.02584,-0.03093,0.06898,-0.00603,-0.00703,0.02117,0.02311
0.71667,0.03297,-0.02472,0.04945,0.02637,-0.03185,0.06877,-0.00659,-0.00712,0.01932,0.02162
0.72500,0.03408,-0.02556,0.05113,0.02692,-0.03279,0.06856,-0.00716,-0.00722,0.01743,0.02018
0.73333,0.03523,-0.02642,0.05284,0.02749,-0.03374,0.06835,-0.00774,-0.00732,0.01551,0.01882
0.74167,0.03639,-0.02729,0.05459,0.02807,-0.03471,0.06815,-0.00832,-0.00742,0.01356,0.01755
0.75000,0.03758,-0.02819,0.05638,0.02868,-0.03571,0.06795,-0.00891,-0.00752,0.01158,0.01643
0.75833,0.03880,-0.02910,0.05820,0.02930,-0.03671,0.06777,-0.00950,-0.00762,0.00957,0.01548
0.76667,0.04004,-0.03003,0.06006,0.02995,-0.03774,0.06760,-0.01009,-0.00771,0.00754,0.01477
0.77500,0.04130,-0.03098,0.06196,0.03063,-0.03878,0.06744,-0.01068,-0.00781,0.00548,0.01432
0.78333,0.04260,-0.03195,0.06389,0.03132,-0.03984,0.06730,-0.01127,-0.00790,0.00341,0.01418
0.79167,0.04391,-0.03293,0.06587,0.03205,-0.04092,0.06718,-0.01186,-0.00799,0.00132,0.01436
0.80000,0.04525,-0.03394,0.06788,0.03280,-0.04201,0.06708,-0.01245,-0.00807,-0.00080,0.01486
0.80833,0.04662,-0.03496,0.06993,0.03358,-0.04312,0.06701,-0.01304,-0.00816,-0.00292,0.01566
0.81667,0.04801,-0.03601,0.07202,0.03439,-0.04425,0.06696,-0.01362,-0.00824,-0.00506,0.01671
0.82500,0.04943,-0.03707,0.07415,0.03523,-0.04539,0.06694,-0.01420,-0.00831,-0.00721,0.01797
0.83333,0.05088,-0.03816,0.07632,0.03610,-0.04654,0.06694,-0.01478,-0.00839,-0.00937,0.01940
0.84167,0.05235,-0.03926,0.07852,0.03701,-0.04772,0.06698,-0.01534,-0.00845,-0.01154,0.02098
0.85000,0.05385,-0.04039,0.08077,0.03794,-0.04890,0.06705,-0.01591,-0.00851,-0.01372,0.02267
0.85833,0.05537,-0.04153,0.08306,0.03892,-0.05010,0.06716,-0.01646,-0.00857,-0.01590,0.02444
0.86667,0.05693,-0.04270,0.08539,0.03992,-0.05132,0.06730,-0.01700,-0.00862,-0.01809,0.02628
0.87500,0.05851,-0.04388,0.08776,0.04097,-0.05255,0.06748,-0.01754,-0.00867,-0.02028,0.02818
0.88333,0.06011,-0.04509,0.09017,0.04205,-0.05379,0.06769,-0.01807,-0.00871,-0.02248,0.03013
0.89167,0.06175,-0.04631,0.09262,0.04317,-0.05505,0.06795,-0.01858,-0.00874,-0.02467,0.03210
0.90000,0.06341,-0.04756,0.09512,0.04432,-0.05633,0.06825,-0.01909,-0.00877,-0.02687,0.03410
0.90833,0.06510,-0.04883,0.09766,0.04552,-0.05762,0.06860,-0.01958,-0.00879,-0.02906,0.03613
0.91667,0.06682,-0.05012,0.10023,0.04676,-0.05892,0.06898,-0.02007,-0.00880,-0.03125,0.03817
0.92500,0.06857,-0.05143,0.10286,0.04803,-0.06023,0.06942,-0.02054,-0.00881,-0.03344,0.04022
0.93333,0.07035,-0.05276,0.10552,0.04935,-0.06157,0.06990,-0.02099,-0.00881,-0.03562,0.04227
0.94167,0.07215,-0.05411,0.10823,0.05071,-0.06291,0.07043,-0.02144,-0.00880,-0.03780,0.04434
0.95000,0.07398,-0.05549,0.11098,0.05212,-0.06427,0.07101,-0.02187,-0.00878,-0.03997,0.04640
0.95833,0.07585,-0.05688,0.11377,0.05356,-0.06565,0.07163,-0.02228,-0.00876,-0.04214,0.04846
0.96667,0.07774,-0.05830,0.11661,0.05505,-0.06704,0.07231,-0.02269,-0.00873,-0.04429,0.05053
0.97500,0.07966,-0.05974,0.11949,0.05658,-0.06844,0.07305,-0.02308,-0.00870,-0.04644,0.05258
0.98333,0.08161,-0.06121,0.12241,0.05816,-0.06986,0.07383,-0.02345,-0.00866,-0.04858,0.05463
0.99167,0.08359,-0.06269,0.12538,0.05978,-0.07130,0.07467,-0.02381,-0.00861,-0.05071,0.05668
1.00000,0.08560,-0.06420,0.12840,0.06145,-0.07275,0.07557,-0.02415,-0.00855,-0.05283,0.05872
1.00833,0.08764,-0.06573,0.13146,0.06315,-0.07422,0.07652,-0.02449,-0.00849,-0.05494,0.06074
1.01667,0.08971,-0.06728,0.13457,0.06491,-0.07571,0.07753,-0.02480,-0.00843,-0.05703,0.06276
1.02500,0.09181,-0.06886,0.13772,0.06671,-0.07721,0.07860,-0.02510,-0.00836,-0.05912,0.06477
1.03333,0.09394,-0.07046,0.14091,0.06855,-0.07874,0.07973,-0.02539,-0.00828,-0.06119,0.06676
1.04167,0.09610,-0.07208,0.14415,0.07044,-0.08028,0.08091,-0.02566,-0.00820,-0.06324,0.06874
1.05000,0.09830,-0.07372,0.14744,0.07238,-0.08183,0.08216,-0.02592,-0.00811,-0.06529,0.07071
1.05833,0.10052,-0.07539,0.15078,0.07436,-0.08341,0.08347,-0.02616,-0.00802,-0.06731,0.07266
1.06667,0.10277,-0.07708,0.15416,0.07639,-0.08501,0.08483,-0.02639,-0.00793,-0.06933,0.07460
1.07500,0.10506,-0.07879,0.15759,0.07846,-0.08662,0.08626,-0.02660,-0.00783,-0.07132,0.07653
1.08333,0.10738,-0.08053,0.16106,0.08057,-0.08826,0.08776,-0.02680,-0.00773,-0.07331,0.07843
1.09167,0.10972,-0.08229,0.16459,0.08273,-0.08992,0.08931,-0.02699,-0.00762,-0.07527,0.08033
1.10000,0.11210,-0.08408,0.16816,0.08494,-0.09159,0.09094,-0.02716,-0.00751,-0.07722,0.08220
1.10833,0.11452,-0.08589,0.17178,0.08719,-0.09329,0.09262,-0.02733,-0.00740,-0.07915,0.08406
1.11667,0.11696,-0.08772,0.17544,0.08949,-0.09501,0.09437,-0.02747,-0.00729,-0.08107,0.08591
1.12500,0.11944,-0.08958,0.17916,0.09183,-0.09675,0.09619,-0.02761,-0.00717,-0.08297,0.08773
1.13333,0.12195,-0.09146,0.18292,0.09421,-0.09851,0.09807,-0.02773,-0.00705,-0.08485,0.08954
1.14167,0.12449,-0.09336,0.18673,0.09664,-0.10029,0.10002,-0.02784,-0.00693,-0.08671,0.09133
1.15000,0.12706,-0.09529,0.19059,0.09911,-0.10210,0.10204,-0.02794,-0.00681,-0.08855,0.09311
1.15833,0.12967,-0.09725,0.19450,0.10163,-0.10393,0.10412,-0.02803,-0.00668,-0.09038,0.09486
1.16667,0.13230,-0.09923,0.19846,0.10419,-0.10578,0.10627,-0.02811,-0.00655,-0.09219,0.09660
1.17500,0.13498,-0.10123,0.20246,0.10680,-0.10766,0.10849,-0.02818,-0.00642,-0.09397,0.09832
1.18333,0.13768,-0.10326,0.20652,0.10944,-0.10955,0.11078,-0.02824,-0.00629,-0.09574,0.10002
1.19167,0.14042,-0.10531,0.21063,0.11213,-0.11147,0.11313,-0.02829,-0.00616,-0.09749,0.10170
1.20000,0.14319,-0.10739,0.21478,0.11486,-0.11342,0.11556,-0.02832,-0.00603,-0.09922,0.10336
1.20833,0.14599,-0.10950,0.21899,0.11764,-0.11539,0.11805,-0.02835,-0.00589,-0.10094,0.10501
1.21667,0.14883,-0.11162,0.22325,0.12046,-0.11738,0.12062,-0.02837,-0.00576,-0.10263,0.10663
1.22500,0.15170,-0.11378,0.22756,0.12332,-0.11940,0.12326,-0.02839,-0.00562,-0.10430,0.10824
1.23333,0.15461,-0.11596,0.23191,0.12622,-0.12144,0.12596,-0.02839,-0.00548,-0.10595,0.10983
1.24167,0.15755,-0.11816,0.23632,0.12916,-0.12350,0.12874,-0.02839,-0.00534,-0.10759,0.11140
1.25000,0.16052,-0.12039,0.24078,0.13214,-0.12559,0.13159,-0.02838,-0.00520,-0.10920,0.11295
1.25833,0.16353,-0.12265,0.24530,0.13517,-0.12771,0.13450,-0.02836,-0.00506,-0.11079,0.11448
1.26667,0.16657,-0.12493,0.24986,0.13823,-0.12985,0.13749,-0.02834,-0.00492,-0.11237,0.11599
1.27500,0.16965,-0.12724,0.25447,0.14134,-0.13201,0.14055,-0.02831,-0.00477,-0.11392,0.11748
1.28333,0.17276,-0.12957,0.25914,0.14449,-0.13420,0.14369,-0.02827,-0.00463,-0.11545,0.11895
1.29167,0.17591,-0.13193,0.26386,0.14768,-0.13641,0.14689,-0.02823,-0.00449,-0.11697,0.12041
1.30000,0.17909,-0.13431,0.26863,0.15090,-0.13865,0.15017,-0.02818,-0.00434,-0.11846,0.12184
1.30833,0.18230,-0.13673,0.27345,0.15417,-0.14092,0.15352,-0.02813,-0.00419,-0.11993,0.12326
1.31667,0.18555,-0.13916,0.27833,0.15748,-0.14321,0.15694,-0.02807,-0.00405,-0.12139,0.12466
1.32500,0.18884,-0.14163,0.28326,0.16083,-0.14553,0.16043,-0.02801,-0.00390,-0.12282,0.12604
1.33333,0.19216,-0.14412,0.28824,0.16421,-0.14787,0.16400,-0.02795,-0.00375,-0.12424,0.12740
1.34167,0.19551,-0.14664,0.29327,0.16764,-0.15023,0.16764,-0.02787,-0.00360,-0.12563,0.12874
1.35000,0.19891,-0.14918,0.29836,0.17110,-0.15263,0.17135,-0.02780,-0.00345,-0.12701,0.13006
1.35833,0.20233,-0.15175,0.30350,0.17461,-0.15504,0.17513,-0.02772,-0.00329,-0.12837,0.13137
1.36667,0.20579,-0.15435,0.30869,0.17815,-0.15749,0.17899,-0.02764,-0.00314,-0.12970,0.13265
1.37500,0.20929,-0.15697,0.31394,0.18173,-0.15996,0.18292,-0.02756,-0.00299,-0.13102,0.13392
1.38333,0.21283,-0.15962,0.31924,0.18535,-0.16245,0.18692,-0.02747,-0.00283,-0.13232,0.13517
1.39167,0.21640,-0.16230,0.32460,0.18901,-0.16497,0.19099,-0.02738,-0.00268,-0.13360,0.13640
1.40000,0.22000,-0.16500,0.33000,0.19271,-0.16752,0.19514,-0.02729,-0.00252,-0.13486,0.13762
1.40833,0.22365,-0.16773,0.33547,0.19645,-0.17010,0.19936,-0.02720,-0.00236,-0.13610,0.13881
1.41667,0.22732,-0.17049,0.34099,0.20022,-0.17270,0.20366,-0.02710,-0.00220,-0.13733,0.13999
1.42500,0.23104,-0.17328,0.34656,0.20404,-0.17532,0.20803,-0.02700,-0.00204,-0.13853,0.14115
1.43333,0.23479,-0.17609,0.35218,0.20789,-0.17798,0.21247,-0.02690,-0.00188,-0.13972,0.14230
1.44167,0.23858,-0.17893,0.35786,0.21178,-0.18066,0.21698,-0.02680,-0.00172,-0.14088,0.14342
1.45000,0.24240,-0.18180,0.36360,0.21570,-0.18336,0.22157,-0.02670,-0.00156,-0.14203,0.14453
1.45833,0.24626,-0.18470,0.36939,0.21967,-0.18609,0.22623,-0.02659,-0.00140,-0.14317,0.14562
1.46667,0.25016,-0.18762,0.37524,0.22367,-0.18885,0.23096,-0.02649,-0.00123,-0.14428,0.14670
1.47500,0.25409,-0.19057,0.38114,0.22771,-0.19164,0.23576,-0.02638,-0.00107,-0.14538,0.14775
1.48333,0.25806,-0.19355,0.38710,0.23179,-0.19445,0.24064,-0.02627,-0.00090,-0.14645,0.14879
1.49167,0.26207,-0.19655,0.39311,0.23591,-0.19729,0.24559,-0.02616,-0.00073,-0.14752,0.14982
1.50000,0.26612,-0.19959,0.39918,0.24006,-0.20016,0.25062,-0.02606,-0.00057,-0.14856,0.15083
1.50833,0.27020,-0.20265,0.40530,0.24426,-0.20305,0.25572,-0.02595,-0.00040,-0.14959,0.15182
1.51667,0.27432,-0.20574,0.41148,0.24848,-0.20597,0.26089,-0.02584,-0.00023,-0.15060,0.15280
1.52500,0.27848,-0.20886,0.41772,0.25275,-0.20891,0.26613,-0.02573,-0.00006,-0.15159,0.15376
1.53333,0.28267,-0.21201,0.42401,0.25706,-0.21189,0.27144,-0.02562,0.00012,-0.15257,0.15470
1.54167,0.28691,-0.21518,0.43036,0.26140,-0.21489,0.27683,-0.02551,0.00029,-0.15353,0.15563
1.55000,0.29118,-0.21838,0.43676,0.26578,-0.21792,0.28229,-0.02540,0.00046,-0.15447,0.15655
1.55833,0.29548,-0.22161,0.44322,0.27019,-0.22098,0.28782,-0.02529,0.00064,-0.15540,0.15745
1.56667,0.29983,-0.22487,0.44974,0.27465,-0.22406,0.29343,-0.02518,0.00081,-0.15631,0.15833
1.57500,0.30421,-0.22816,0.45632,0.27914,-0.22717,0.29911,-0.02507,0.00099,-0.15721,0.15920
1.58333,0.30863,-0.23147,0.46295,0.28367,-0.23031,0.30486,-0.02496,0.00116,-0.15809,0.16005
1.59167,0.31309,-0.23482,0.46964,0.28824,-0.23348,0.31068,-0.02485,0.00134,-0.15896,0.16089
1.60000,0.31759,-0.23819,0.47638,0.29284,-0.23667,0.31657,-0.02475,0.00152,-0.15981,0.16172
1.60833,0.32212,-0.24159,0.48318,0.29748,-0.23989,0.32254,-0.02464,0.00170,-0.16065,0.16253
1.61667,0.32670,-0.24502,0.49004,0.30216,-0.24314,0.32858,-0.02454,0.00188,-0.16147,0.16333
1.62500,0.33131,-0.24848,0.49696,0.30688,-0.24642,0.33469,-0.02443,0.00206,-0.16227,0.16412
1.63333,0.33596,-0.25197,0.50393,0.31163,-0.24972,0.34087,-0.02433,0.00224,-0.16307,0.16489
1.64167,0.34064,-0.25548,0.51097,0.31642,-0.25306,0.34712,-0.02423,0.00242,-0.16385,0.16565
1.65000,0.34537,-0.25903,0.51806,0.32125,-0.25642,0.35344,-0.02412,0.00261,-0.16461,0.16639
1.65833,0.35014,-0.26260,0.52520,0.32611,-0.25981,0.35984,-0.02402,0.00279,-0.16536,0.16712
1.66667,0.35494,-0.26620,0.53241,0.33101,-0.26323,0.36631,-0.02393,0.00297,-0.16610,0.16784
1.67500,0.35978,-0.26984,0.53967,0.33595,-0.26668,0.37284,-0.02383,0.00316,-0.16683,0.16855
1.68333,0.36466,-0.27350,0.54699,0.34093,-0.27015,0.37945,-0.02373,0.00334,-0.16754,0.16924
1.69167,0.36958,-0.27718,0.55437,0.34594,-0.27366,0.38613,-0.02364,0.00353,-0.16824,0.16992
1.70000,0.37454,-0.28090,0.56181,0.35099,-0.27719,0.39289,-0.02355,0.00372,-0.16892,0.17059
1.70833,0.37953,-0.28465,0.56930,0.35608,-0.28075,0.39971,-0.02346,0.00390,-0.16959,0.17125
1.71667,0.38457,-0.28843,0.57685,0.36120,-0.28434,0.40660,-0.02337,0.00409,-0.17025,0.17190
1.72500,0.38964,-0.29223,0.58447,0.36636,-0.28796,0.41356,-0.02328,0.00428,-0.17090,0.17253
1.73333,0.39476,-0.29607,0.59214,0.37156,-0.29160,0.42060,-0.02319,0.00446,-0.17154,0.17316
1.74167,0.39991,-0.29993,0.59987,0.37680,-0.29528,0.42770,-0.02311,0.00465,-0.17216,0.17377
1.75000,0.40510,-0.30383,0.60765,0.38207,-0.29899,0.43487,-0.02303,0.00484,-0.17278,0.17437
1.75833,0.41033,-0.30775,0.61550,0.38738,-0.30272,0.44212,-0.02295,0.00503,-0.17338,0.17496
1.76667,0.41560,-0.31170,0.62340,0.39273,-0.30648,0.44943,-0.02287,0.00522,-0.17397,0.17554
1.77500,0.42091,-0.31568,0.63137,0.39812,-0.31028,0.45682,-0.02279,0.00541,-0.17455,0.17611
1.78333,0.42626,-0.31969,0.63939,0.40354,-0.31410,0.46427,-0.02272,0.00560,-0.17512,0.17667
1.79167,0.43165,-0.32373,0.64747,0.40900,-0.31795,0.47179,-0.02265,0.00579,-0.17568,0.17722
1.80000,0.43707,-0.32781,0.65561,0.41449,-0.32183,0.47939,-0.02258,0.00598,-0.17622,0.17776
1.80833,0.44254,-0.33190,0.66381,0.42003,-0.32574,0.48705,-0.02251,0.00617,-0.17676,0.17829
1.81667,0.44805,-0.33603,0.67207,0.42560,-0.32968,0.49478,-0.02245,0.00636,-0.17729,0.17882
1.82500,0.45359,-0.34019,0.68039,0.43121,-0.33365,0.50258,-0.02238,0.00655,-0.17780,0.17933
1.83333,0.45917,-0.34438,0.68876,0.43685,-0.33764,0.51045,-0.02232,0.00674,-0.17831,0.17983
1.84167,0.46480,-0.34860,0.69720,0.44253,-0.34167,0.51839,-0.02226,0.00693,-0.17881,0.18032
1.85000,0.47046,-0.35285,0.70569,0.44825,-0.34573,0.52640,-0.02221,0.00712,-0.17930,0.18081
1.85833,0.47616,-0.35712,0.71425,0.45401,-0.34981,0.53447,-0.02216,0.00731,-0.17977,0.18128
1.86667,0.48191,-0.36143,0.72286,0.45980,-0.35393,0.54262,-0.02210,0.00750,-0.18024,0.18175
1.87500,0.48769,-0.36577,0.73153,0.46563,-0.35808,0.55083,-0.02206,0.00769,-0.18070,0.18221
1.88333,0.49351,-0.37013,0.74027,0.47150,-0.36225,0.55911,-0.02201,0.00788,-0.18115,0.18266
1.89167,0.49937,-0.37453,0.74906,0.47741,-0.36646,0.56746,-0.02197,0.00807,-0.18160,0.18310
1.90000,0.50528,-0.37896,0.75791,0.48335,-0.37069,0.57588,-0.02192,0.00826,-0.18203,0.18353
1.90833,0.51122,-0.38341,0.76682,0.48933,-0.37496,0.58437,-0.02189,0.00845,-0.18246,0.18396
1.91667,0.51720,-0.38790,0.77580,0.49535,-0.37925,0.59292,-0.02185,0.00864,-0.18288,0.18438
1.92500,0.52322,-0.39241,0.78483,0.50140,-0.38358,0.60154,-0.02182,0.00884,-0.18329,0.18479
1.93333,0.52928,-0.39696,0.79392,0.50749,-0.38793,0.61023,-0.02178,0.00903,-0.18369,0.18519
1.94167,0.53538,-0.40153,0.80307,0.51362,-0.39232,0.61899,-0.02176,0.00922,-0.18408,0.18559
1.95000,0.54152,-0.40614,0.81228,0.51979,-0.39673,0.62781,-0.02173,0.00941,-0.18447,0.18598
1.95833,0.54770,-0.41077,0.82155,0.52599,-0.40118,0.63670,-0.02171,0.00960,-0.18485,0.18636
1.96667,0.55392,-0.41544,0.83088,0.53224,-0.40565,0.64566,-0.02168,0.00979,-0.18522,0.18674
1.97500,0.56018,-0.42013,0.84027,0.53851,-0.41016,0.65469,-0.02167,0.00997,-0.18558,0.18711
1.98333,0.56648,-0.42486,0.84972,0.54483,-0.41470,0.66378,-0.02165,0.01016,-0.18594,0.18747
1.99167,0.57282,-0.42961,0.85923,0.55118,-0.41926,0.67294,-0.02164,0.01035,-0.18629,0.18783
2.00000,0.57920,-0.43440,0.86880,0.55757,-0.42386,0.68216,-0.02163,0.01054,-0.18664,0.18818
2.00833,0.58562,-0.43922,0.87843,0.56400,-0.42849,0.69145,-0.02162,0.01073,-0.18698,0.18853
2.01667,0.59208,-0.44406,0.88812,0.57047,-0.43314,0.70081,-0.02161,0.01092,-0.18731,0.18887
2.02500,0.59858,-0.44894,0.89787,0.57697,-0.43783,0.71024,-0.02161,0.01111,-0.18763,0.18920
2.03333,0.60512,-0.45384,0.90768,0.58351,-0.44255,0.71973,-0.02161,0.01129,-0.18795,0.18953
2.04167,0.61170,-0.45878,0.91755,0.59009,-0.44730,0.72929,-0.02161,0.01148,-0.18826,0.18985
2.05000,0.61832,-0.46374,0.92748,0.59670,-0.45207,0.73891,-0.02162,0.01167,-0.18857,0.19017
2.05833,0.62498,-0.46874,0.93747,0.60335,-0.45688,0.74860,-0.02163,0.01185,-0.18887,0.19048
2.06667,0.63168,-0.47376,0.94752,0.61004,-0.46172,0.75835,-0.02164,0.01204,-0.18917,0.19078
2.07500,0.63842,-0.47882,0.95763,0.61677,-0.46659,0.76817,-0.02165,0.01222,-0.18946,0.19108
2.08333,0.64520,-0.48390,0.96780,0.62353,-0.47149,0.77806,-0.02167,0.01241,-0.18974,0.19138
2.09167,0.65202,-0.48902,0.97803,0.63034,-0.47642,0.78801,-0.02169,0.01259,-0.19002,0.19167
2.10000,0.65888,-0.49416,0.98832,0.63718,-0.48138,0.79803,-0.02171,0.01278,-0.19030,0.19196
2.10833,0.66578,-0.49934,0.99868,0.64405,-0.48637,0.80811,-0.02173,0.01296,-0.19057,0.19224
2.11667,0.67272,-0.50454,1.00909,0.65097,-0.49140,0.81826,-0.02176,0.01315,-0.19083,0.19252
2.12500,0.67971,-0.50978,1.01956,0.65792,-0.49645,0.82847,-0.02179,0.01333,-0.19109,0.19279
2.13333,0.68673,-0.51504,1.03009,0.66491,-0.50153,0.83874,-0.02182,0.01351,-0.19135,0.19306
2.14167,0.69379,-0.52034,1.04068,0.67194,-0.50665,0.84908,-0.02185,0.01369,-0.19160,0.19332
2.15000,0.70089,-0.52567,1.05133,0.67900,-0.51179,0.85949,-0.02189,0.01388,-0.19184,0.19359
2.15833,0.70803,-0.53102,1.06205,0.68610,-0.51696,0.86996,-0.02193,0.01406,-0.19208,0.19384
2.16667,0.71521,-0.53641,1.07282,0.69324,-0.52217,0.88050,-0.02197,0.01424,-0.19232,0.19410
2.17500,0.72243,-0.54182,1.08365,0.70042,-0.52741,0.89109,-0.02201,0.01442,-0.19256,0.19434
2.18333,0.72969,-0.54727,1.09454,0.70764,-0.53267,0.90176,-0.02206,0.01460,-0.19278,0.19459
2.19167,0.73700,-0.55275,1.10549,0.71489,-0.53797,0.91248,-0.02211,0.01478,-0.19301,0.19483
2.20000,0.74434,-0.55825,1.11651,0.72218,-0.54330,0.92328,-0.02216,0.01496,-0.19323,0.19507
2.20833,0.75172,-0.56379,1.12758,0.72951,-0.54865,0.93413,-0.02221,0.01514,-0.19345,0.19531
2.21667,0.75914,-0.56936,1.13871,0.73687,-0.55404,0.94505,-0.02227,0.01531,-0.19366,0.19554
2.22500,0.76660,-0.57495,1.14990,0.74427,-0.55946,0.95603,-0.02233,0.01549,-0.19387,0.19577
2.23333,0.77410,-0.58058,1.16116,0.75171,-0.56491,0.96708,-0.02239,0.01567,-0.19408,0.19599
2.24167,0.78165,-0.58623,1.17247,0.75919,-0.57039,0.97819,-0.02245,0.01584,-0.19428,0.19622
2.25000,0.78923,-0.59192,1.18384,0.76671,-0.57590,0.98936,-0.02252,0.01602,-0.19448,0.19644
2.25833,0.79685,-0.59764,1.19527,0.77426,-0.58144,1.00059,-0.02259,0.01620,-0.19468,0.19665
2.26667,0.80451,-0.60338,1.20677,0.78185,-0.58701,1.01189,-0.02266,0.01637,-0.19487,0.19687
2.27500,0.81221,-0.60916,1.21832,0.78948,-0.59261,1.02325,-0.02273,0.01654,-0.19506,0.19708
2.28333,0.81995,-0.61497,1.22993,0.79715,-0.59825,1.03468,-0.02281,0.01672,-0.19525,0.19729
2.29167,0.82774,-0.62080,1.24160,0.80485,-0.60391,1.04617,-0.02289,0.01689,-0.19544,0.19750
2.30000,0.83556,-0.62667,1.25333,0.81259,-0.60960,1.05772,-0.02297,0.01706,-0.19562,0.19770
2.30833,0.84342,-0.63256,1.26513,0.82037,-0.61533,1.06933,-0.02305,0.01724,-0.19580,0.19790
2.31667,0.85132,-0.63849,1.27698,0.82818,-0.62108,1.08100,-0.02313,0.01741,-0.19598,0.19810
2.32500,0.85926,-0.64444,1.28889,0.83604,-0.62687,1.09274,-0.02322,0.01758,-0.19615,0.19830
2.33333,0.86724,-0.65043,1.30086,0.84393,-0.63268,1.10454,-0.02331,0.01775,-0.19632,0.19850
2.34167,0.87526,-0.65644,1.31289,0.85186,-0.63853,1.11640,-0.02340,0.01792,-0.19649,0.19869
2.35000,0.88332,-0.66249,1.32498,0.85983,-0.64440,1.12832,-0.02349,0.01809,-0.19666,0.19888
2.35833,0.89142,-0.66856,1.33713,0.86783,-0.65031,1.14031,-0.02359,0.01826,-0.19682,0.19907
2.36667,0.89956,-0.67467,1.34934,0.87587,-0.65624,1.15235,-0.02369,0.01843,-0.19698,0.19926
2.37500,0.90774,-0.68080,1.36161,0.88395,-0.66221,1.16446,-0.02379,0.01859,-0.19714,0.19944
2.38333,0.91596,-0.68697,1.37393,0.89207,-0.66821,1.17663,-0.02389,0.01876,-0.19730,0.19963
2.39167,0.92421,-0.69316,1.38632,0.90022,-0.67423,1.18886,-0.02399,0.01893,-0.19746,0.19981
2.40000,0.93251,-0.69938,1.39877,0.90841,-0.68029,1.20115,-0.02410,0.01909,-0.19761,0.19999
2.40833,0.94085,-0.70564,1.41127,0.91664,-0.68638,1.21351,-0.02421,0.01926,-0.19776,0.20017
2.41667,0.94923,-0.71192,1.42384,0.92491,-0.69249,1.22592,-0.02432,0.01942,-0.19792,0.20035
2.42500,0.95764,-0.71823,1.43646,0.93321,-0.69864,1.23840,-0.02443,0.01959,-0.19806,0.20052
2.43333,0.96610,-0.72457,1.44915,0.94156,-0.70482,1.25094,-0.02454,0.01975,-0.19821,0.20070
2.44167,0.97459,-0.73094,1.46189,0.94994,-0.71103,1.26353,-0.02466,0.01992,-0.19836,0.20087
2.45000,0.98313,-0.73734,1.47469,0.95835,-0.71727,1.27619,-0.02477,0.02008,-0.19850,0.20104
2.45833,0.99170,-0.74378,1.48755,0.96681,-0.72353,1.28891,-0.02489,0.02024,-0.19864,0.20122
2.46667,1.00031,-0.75023,1.50047,0.97530,-0.72983,1.30169,-0.02501,0.02040,-0.19878,0.20139
2.47500,1.00897,-0.75672,1.51345,0.98383,-0.73616,1.31453,-0.02514,0.02057,-0.19892,0.20155
2.48333,1.01766,-0.76324,1.52648,0.99239,-0.74252,1.32743,-0.02526,0.02073,-0.19906,0.20172
2.49167,1.02639,-0.76979,1.53958,1.00100,-0.74890,1.34039,-0.02539,0.02089,-0.19919,0.20189
2.50000,1.03516,-0.77637,1.55273,1.00964,-0.75532,1.35341,-0.02552,0.02105,-0.19933,0.20205
2.50833,1.04396,-0.78297,1.56595,1.01832,-0.76177,1.36648,-0.02565,0.02121,-0.19946,0.20222
2.51667,1.05281,-0.78961,1.57922,1.02703,-0.76824,1.37962,-0.02578,0.02136,-0.19959,0.20238
2.52500,1.06170,-0.79627,1.59255,1.03579,-0.77475,1.39282,-0.02591,0.02152,-0.19973,0.20255
2.53333,1.07062,-0.80297,1.60594,1.04458,-0.78129,1.40608,-0.02605,0.02168,-0.19986,0.20271
2.54167,1.07959,-0.80969,1.61938,1.05340,-0.78785,1.41940,-0.02618,0.02184,-0.19998,0.20287
2.55000,1.08859,-0.81644,1.63289,1.06227,-0.79445,1.43278,-0.02632,0.02199,-0.20011,0.20303
2.55833,1.09763,-0.82323,1.64645,1.07117,-0.80107,1.44621,-0.02646,0.02215,-0.20024,0.20319
2.56667,1.10671,-0.83004,1.66007,1.08011,-0.80773,1.45971,-0.02660,0.02231,-0.20036,0.20335
2.57500,1.11583,-0.83688,1.67375,1.08909,-0.81441,1.47326,-0.02675,0.02246,-0.20049,0.20351
2.58333,1.12499,-0.84374,1.68749,1.09810,-0.82113,1.48687,-0.02689,0.02262,-0.20061,0.20367
2.59167,1.13419,-0.85064,1.70128,1.10715,-0.82787,1.50055,-0.02704,0.02277,-0.20074,0.20383
2.60000,1.14342,-0.85757,1.71514,1.11624,-0.83464,1.51428,-0.02719,0.02293,-0.20086,0.20398
2.60833,1.15270,-0.86452,1.72905,1.12536,-0.84144,1.52807,-0.02733,0.02308,-0.20098,0.20414
2.61667,1.16201,-0.87151,1.74302,1.13452,-0.84828,1.54191,-0.02749,0.02323,-0.20110,0.20430
2.62500,1.17136,-0.87852,1.75704,1.14372,-0.85514,1.55582,-0.02764,0.02338,-0.20122,0.20445
2.63333,1.18075,-0.88556,1.77112,1.15296,-0.86203,1.56978,-0.02779,0.02354,-0.20134,0.20461
2.64167,1.19018,-0.89263,1.78526,1.16223,-0.86894,1.58381,-0.02794,0.02369,-0.20146,0.20476
2.65000,1.19964,-0.89973,1.79946,1.17154,-0.87589,1.59789,-0.02810,0.02384,-0.20158,0.20492
2.65833,1.20914,-0.90686,1.81372,1.18089,-0.88287,1.61202,-0.02826,0.02399,-0.20169,0.20507
2.66667,1.21869,-0.91401,1.82803,1.19027,-0.88987,1.62622,-0.02842,0.02414,-0.20181,0.20523
2.67500,1.22827,-0.92120,1.84240,1.19969,-0.89691,1.64047,-0.02858,0.02429,-0.20193,0.20538
2.68333,1.23788,-0.92841,1.85683,1.20915,-0.90397,1.65478,-0.02874,0.02444,-0.20204,0.20554
2.69167,1.24754,-0.93565,1.87131,1.21864,-0.91106,1.66915,-0.02890,0.02459,-0.20216,0.20569
2.70000,1.25723,-0.94292,1.88585,1.22817,-0.91819,1.68357,-0.02906,0.02474,-0.20227,0.20584
2.70833,1.26696,-0.95022,1.90044,1.23774,-0.92534,1.69806,-0.02923,0.02489,-0.20239,0.20600
2.71667,1.27673,-0.95755,1.91510,1.24734,-0.93251,1.71260,-0.02939,0.02503,-0.20250,0.20615
2.72500,1.28654,-0.96490,1.92981,1.25698,-0.93972,1.72719,-0.02956,0.02518,-0.20261,0.20630
2.73333,1.29638,-0.97229,1.94457,1.26665,-0.94696,1.74184,-0.02973,0.02533,-0.20273,0.20646
2.74167,1.30626,-0.97970,1.95939,1.27637,-0.95422,1.75655,-0.02990,0.02548,-0.20284,0.20661
2.75000,1.31618,-0.98714,1.97427,1.28611,-0.96152,1.77132,-0.03007,0.02562,-0.20295,0.20676
2.75833,1.32614,-0.99460,1.98921,1.29590,-0.96884,1.78614,-0.03024,0.02577,-0.20307,0.20692
2.76667,1.33613,-1.00210,2.00420,1.30572,-0.97619,1.80102,-0.03041,0.02591,-0.20318,0.20707
2.77500,1.34616,-1.00962,2.01924,1.31558,-0.98356,1.81596,-0.03059,0.02606,-0.20329,0.20722
2.78333,1.35623,-1.01717,2.03435,1.32547,-0.99097,1.83095,-0.03076,0.02620,-0.20340,0.20737
2.79167,1.36634,-1.02475,2.04950,1.33540,-0.99840,1.84599,-0.03094,0.02635,-0.20351,0.20753
2.80000,1.37648,-1.03236,2.06472,1.34537,-1.00587,1.86110,-0.03111,0.02649,-0.20362,0.20768
2.80833,1.38666,-1.03999,2.07999,1.35537,-1.01336,1.87625,-0.03129,0.02664,-0.20373,0.20783
2.81667,1.39687,-1.04765,2.09531,1.36541,-1.02088,1.89147,-0.03147,0.02678,-0.20384,0.20799
2.82500,1.40713,-1.05534,2.11069,1.37548,-1.02842,1.90674,-0.03165,0.02692,-0.20395,0.20814
2.83333,1.41742,-1.06306,2.12612,1.38559,-1.03600,1.92206,-0.03183,0.02707,-0.20406,0.20830
2.84167,1.42774,-1.07081,2.14161,1.39573,-1.04360,1.93744,-0.03201,0.02721,-0.20417,0.20845
2.85000,1.43810,-1.07858,2.15716,1.40592,-1.05123,1.95288,-0.03219,0.02735,-0.20428,0.20860
2.85833,1.44850,-1.08638,2.17276,1.41613,-1.05889,1.96836,-0.03237,0.02749,-0.20439,0.20876
2.86667,1.45894,-1.09420,2.18841,1.42638,-1.06657,1.98391,-0.03255,0.02763,-0.20450,0.20891
2.87500,1.46941,-1.10206,2.20412,1.43667,-1.07428,1.99951,-0.03274,0.02778,-0.20461,0.20907
2.88333,1.47992,-1.10994,2.21988,1.44700,-1.08202,2.01516,-0.03292,0.02792,-0.20472,0.20922
2.89167,1.49046,-1.11785,2.23570,1.45736,-1.08979,2.03087,-0.03311,0.02806,-0.20483,0.20938
2.90000,1.50105,-1.12578,2.25157,1.46775,-1.09759,2.04663,-0.03330,0.02820,-0.20494,0.20953
2.90833,1.51166,-1.13375,2.26749,1.47818,-1.10541,2.06245,-0.03348,0.02834,-0.20505,0.20969
2.91667,1.52231,-1.14174,2.28347,1.48864,-1.11326,2.07832,-0.03367,0.02848,-0.20516,0.20984
2.92500,1.53300,-1.14975,2.29950,1.49914,-1.12113,2.09424,-0.03386,0.02862,-0.20527,0.21000
2.93333,1.54373,-1.15780,2.31559,1.50968,-1.12904,2.11022,-0.03405,0.02876,-0.20537,0.21015
2.94167,1.55449,-1.16587,2.33173,1.52025,-1.13697,2.12625,-0.03424,0.02890,-0.20548,0.21031
2.95000,1.56528,-1.17396,2.34792,1.53086,-1.14493,2.14233,-0.03443,0.02904,-0.20559,0.21047
2.95833,1.57611,-1.18209,2.36417,1.54150,-1.15291,2.15847,-0.03462,0.02917,-0.20570,0.21062
2.96667,1.58698,-1.19024,2.38047,1.55217,-1.16092,2.17466,-0.03481,0.02931,-0.20581,0.21078
2.97500,1.59788,-1.19841,2.39682,1.56288,-1.16896,2.19090,-0.03500,0.02945,-0.20592,0.21094
2.98333,1.60882,-1.20662,2.41323,1.57362,-1.17703,2.20720,-0.03520,0.02959,-0.20603,0.21110
2.99167,1.61979,-1.21484,2.42969,1.58440,-1.18512,2.22355,-0.03539,0.02973,-0.20614,0.21125
3.00000,1.63080,-1.22310,2.44620,1.59522,-1.19324,2.23995,-0.03558,0.02986,-0.20625,0.21141
3.00833,1.64184,-1.23138,2.46276,1.60607,-1.20138,2.25641,-0.03578,0.03000,-0.20636,0.21157
3.01667,1.65292,-1.23969,2.47938,1.61695,-1.20955,2.27292,-0.03597,0.03014,-0.20646,0.21173
3.02500,1.66403,-1.24802,2.49605,1.62787,-1.21775,2.28947,-0.03617,0.03027,-0.20657,0.21189
3.03333,1.67518,-1.25638,2.51277,1.63882,-1.22597,2.30609,-0.03636,0.03041,-0.20668,0.21205
3.04167,1.68636,-1.26477,2.52954,1.64980,-1.23422,2.32275,-0.03656,0.03055,-0.20679,0.21221
3.05000,1.69758,-1.27318,2.54637,1.66082,-1.24250,2.33946,-0.03675,0.03068,-0.20690,0.21237
3.05833,1.70883,-1.28162,2.56324,1.67188,-1.25080,2.35623,-0.03695,0.03082,-0.20701,0.21253
3.06667,1.72011,-1.29008,2.58017,1.68296,-1.25913,2.37305,-0.03715,0.03096,-0.20712,0.21269
3.07500,1.73143,-1.29857,2.59715,1.69408,-1.26748,2.38992,-0.03735,0.03109,-0.20723,0.21285
3.08333,1.74278,-1.30709,2.61418,1.70524,-1.27586,2.40684,-0.03755,0.03123,-0.20734,0.21301
3.09167,1.75417,-1.31563,2.63126,1.71643,-1.28427,2.42381,-0.03774,0.03136,-0.20745,0.21317
3.10000,1.76559,-1.32420,2.64839,1.72765,-1.29270,2.44083,-0.03794,0.03150,-0.20756,0.21334
3.10833,1.77705,-1.33279,2.66557,1.73891,-1.30115,2.45790,-0.03814,0.03163,-0.20767,0.21350
3.11667,1.78854,-1.34140,2.68281,1.75020,-1.30964,2.47503,-0.03834,0.03177,-0.20778,0.21366
3.12500,1.80006,-1.35005,2.70009,1.76152,-1.31814,2.49220,-0.03854,0.03190,-0.20789,0.21382
3.13333,1.81162,-1.35871,2.71742,1.77288,-1.32668,2.50943,-0.03874,0.03204,-0.20800,0.21399
3.14167,1.82321,-1.36740,2.73481,1.78427,-1.33523,2.52670,-0.03894,0.03217,-0.20811,0.21415
3.15000,1.83483,-1.37612,2.75224,1.79569,-1.34382,2.54402,-0.03914,0.03230,-0.20822,0.21431
3.15833,1.84649,-1.38486,2.76973,1.80714,-1.35243,2.56140,-0.03934,0.03244,-0.20833,0.21448
3.16667,1.85818,-1.39363,2.78726,1.81863,-1.36106,2.57882,-0.03954,0.03257,-0.20844,0.21464
3.17500,1.86990,-1.40242,2.80485,1.83015,-1.36972,2.59630,-0.03974,0.03271,-0.20855,0.21481
3.18333,1.88165,-1.41124,2.82248,1.84171,-1.37840,2.61382,-0.03995,0.03284,-0.20866,0.21497
3.19167,1.89344,-1.42008,2.84016,1.85329,-1.38711,2.63139,-0.04015,0.03297,-0.20877,0.21514
3.20000,1.90526,-1.42895,2.85789,1.86491,-1.39584,2.64901,-0.04035,0.03311,-0.20888,0.21530
3.20833,1.91712,-1.43784,2.87567,1.87657,-1.40460,2.66668,-0.04055,0.03324,-0.20899,0.21547
3.21667,1.92900,-1.44675,2.89350,1.88825,-1.41338,2.68440,-0.04075,0.03337,-0.20910,0.21563
3.22500,1.94092,-1.45569,2.91138,1.89997,-1.42219,2.70217,-0.04096,0.03351,-0.20921,0.21580
3.23333,1.95287,-1.46465,2.92931,1.91171,-1.43102,2.71998,-0.04116,0.03364,-0.20932,0.21597
3.24167,1.96486,-1.47364,2.94728,1.92350,-1.43987,2.73785,-0.04136,0.03377,-0.20943,0.21613
3.25000,1.97687,-1.48265,2.96531,1.93531,-1.44875,2.75576,-0.04156,0.03390,-0.20955,0.21630
3.25833,1.98892,-1.49169,2.98338,1.94715,-1.45765,2.77372,-0.04177,0.03404,-0.20966,0.21647
3.26667,2.00100,-1.50075,3.00150,1.95903,-1.46658,2.79173,-0.04197,0.03417,-0.20977,0.21664
3.27500,2.01311,-1.50983,3.01966,1.97094,-1.47553,2.80978,-0.04217,0.03430,-0.20988,0.21680
3.28333,2.02525,-1.51894,3.03788,1.98288,-1.48451,2.82789,-0.04237,0.03443,-0.20999,0.21697
3.29167,2.03743,-1.52807,3.05614,1.99485,-1.49351,2.84604,-0.04258,0.03456,-0.21010,0.21714
3.30000,2.04963,-1.53722,3.07445,2.00685,-1.50253,2.86423,-0.04278,0.03470,-0.21021,0.21731
3.30833,2.06187,-1.54640,3.09280,2.01888,-1.51157,2.88248,-0.04298,0.03483,-0.21032,0.21748
3.31667,2.07414,-1.55560,3.11120,2.03095,-1.52064,2.90077,-0.04319,0.03496,-0.21043,0.21765
3.32500,2.08644,-1.56483,3.12965,2.04305,-1.52974,2.91911,-0.04339,0.03509,-0.21055,0.21781
3.33333,2.09877,-1.57407,3.14815,2.05517,-1.53885,2.93749,-0.04359,0.03522,-0.21066,0.21798
3.34167,2.11113,-1.58334,3.16669,2.06733,-1.54799,2.95592,-0.04379,0.03535,-0.21077,0.21815
3.35000,2.12352,-1.59264,3.18528,2.07952,-1.55716,2.97440,-0.04400,0.03548,-0.21088,0.21832
3.35833,2.13594,-1.60196,3.20391,2.09174,-1.56634,2.99292,-0.04420,0.03561,-0.21099,0.21849
3.36667,2.14839,-1.61130,3.22259,2.10399,-1.57555,3.01149,-0.04440,0.03574,-0.21110,0.21866
3.37500,2.16088,-1.62066,3.24132,2.11627,-1.58478,3.03010,-0.04461,0.03588,-0.21121,0.21883
3.38333,2.17339,-1.63004,3.26009,2.12858,-1.59404,3.04876,-0.04481,0.03601,-0.21132,0.21900
3.39167,2.18593,-1.63945,3.27890,2.14092,-1.60331,3.06747,-0.04501,0.03614,-0.21143,0.21917
3.40000,2.19851,-1.64888,3.29776,2.15329,-1.61261,3.08622,-0.04521,0.03627,-0.21155,0.21934
3.40833,2.21111,-1.65833,3.31667,2.16570,-1.62194,3.10501,-0.04542,0.03640,-0.21166,0.21951
3.41667,2.22375,-1.66781,3.33562,2.17813,-1.63128,3.12385,-0.04562,0.03653,-0.21177,0.21968
3.42500,2.23641,-1.67731,3.35461,2.19059,-1.64065,3.14274,-0.04582,0.03666,-0.21188,0.21985
3.43333,2.24910,-1.68683,3.37365,2.20308,-1.65004,3.16166,-0.04602,0.03679,-0.21199,0.22002
3.44167,2.26182,-1.69637,3.39274,2.21560,-1.65945,3.18064,-0.04622,0.03692,-0.21210,0.22020
3.45000,2.27458,-1.70593,3.41186,2.22815,-1.66889,3.19965,-0.04643,0.03705,-0.21221,0.22037
3.45833,2.28736,-1.71552,3.43103,2.24073,-1.67834,3.21871,-0.04663,0.03718,-0.21232,0.22054
3.46667,2.30017,-1.72512,3.45025,2.25334,-1.68782,3.23782,-0.04683,0.03731,-0.21243,0.22071
3.47500,2.31301,-1.73475,3.46951,2.26598,-1.69732,3.25696,-0.04703,0.03743,-0.21254,0.22088
3.48333,2.32587,-1.74440,3.48881,2.27864,-1.70684,3.27616,-0.04723,0.03756,-0.21265,0.22105
3.49167,2.33877,-1.75408,3.50815,2.29134,-1.71638,3.29539,-0.04743,0.03769,-0.21276,0.22122
3.50000,2.35169,-1.76377,3.52754,2.30406,-1.72595,3.31467,-0.04763,0.03782,-0.21287,0.22139
3.50833,2.36465,-1.77349,3.54697,2.31682,-1.73553,3.33399,-0.04783,0.03795,-0.21298,0.22156
3.51667,2.37763,-1.78322,3.56644,2.32960,-1.74514,3.35335,-0.04803,0.03808,-0.21309,0.22173
3.52500,2.39064,-1.79298,3.58596,2.34241,-1.75477,3.37275,-0.04823,0.03821,-0.21320,0.22191
3.53333,2.40368,-1.80276,3.60551,2.35524,-1.76442,3.39220,-0.04843,0.03834,-0.21331,0.22208
3.54167,2.41674,-1.81256,3.62511,2.36811,-1.77409,3.41169,-0.04863,0.03846,-0.21342,0.22225
3.55000,2.42984,-1.82238,3.64475,2.38101,-1.78378,3.43122,-0.04883,0.03859,-0.21353,0.22242
3.55833,2.44296,-1.83222,3.66443,2.39393,-1.79350,3.45079,-0.04903,0.03872,-0.21364,0.22259
3.56667,2.45611,-1.84208,3.68416,2.40688,-1.80323,3.47041,-0.04923,0.03885,-0.21375,0.22276
3.57500,2.46928,-1.85196,3.70392,2.41986,-1.81298,3.49006,-0.04942,0.03898,-0.21386,0.22293
3.58333,2.48248,-1.86186,3.72373,2.43286,-1.82276,3.50976,-0.04962,0.03910,-0.21397,0.22310
3.59167,2.49572,-1.87179,3.74357,2.44590,-1.83256,3.52950,-0.04982,0.03923,-0.21408,0.22327
3.60000,2.50897,-1.88173,3.76346,2.45896,-1.84237,3.54927,-0.05002,0.03936,-0.21419,0.22344
3.60833,2.52226,-1.89169,3.78339,2.47204,-1.85221,3.56909,-0.05021,0.03949,-0.21429,0.22361
3.61667,2.53557,-1.90168,3.80335,2.48516,-1.86206,3.58895,-0.05041,0.03961,-0.21440,0.22378
3.62500,2.54891,-1.91168,3.82336,2.49830,-1.87194,3.60885,-0.05061,0.03974,-0.21451,0.22395
3.63333,2.56227,-1.92170,3.84341,2.51147,-1.88184,3.62879,-0.05080,0.03987,-0.21462,0.22412
3.64167,2.57566,-1.93175,3.86349,2.52466,-1.89175,3.64877,-0.05100,0.03999,-0.21472,0.22429
3.65000,2.58908,-1.94181,3.88362,2.53789,-1.90169,3.66879,-0.05119,0.04012,-0.21483,0.22446
3.65833,2.60252,-1.95189,3.90378,2.55113,-1.91164,3.68884,-0.05139,0.04025,-0.21494,0.22463
3.66667,2.61599,-1.96199,3.92399,2.56441,-1.92162,3.70894,-0.05158,0.04037,-0.21504,0.22480
3.67500,2.62948,-1.97211,3.94423,2.57771,-1.93162,3.72908,-0.05178,0.04050,-0.21515,0.22497
3.68333,2.64301,-1.98225,3.96451,2.59104,-1.94163,3.74925,-0.05197,0.04062,-0.21526,0.22514
3.69167,2.65655,-1.99241,3.98483,2.60439,-1.95166,3.76946,-0.05216,0.04075,-0.21536,0.22530
3.70000,2.67012,-2.00259,4.00518,2.61777,-1.96172,3.78972,-0.05235,0.04088,-0.21547,0.22547
3.70833,2.68372,-2.01279,4.02558,2.63117,-1.97179,3.81001,-0.05255,0.04100,-0.21557,0.22564
3.71667,2.69734,-2.02301,4.04601,2.64460,-1.98188,3.83033,-0.05274,0.04113,-0.21568,0.22581
3.72500,2.71099,-2.03324,4.06648,2.65806,-1.99199,3.85070,-0.05293,0.04125,-0.21578,0.22598
3.73333,2.72466,-2.04349,4.08699,2.67154,-2.00212,3.87110,-0.05312,0.04138,-0.21589,0.22614
3.74167,2.73835,-2.05377,4.10753,2.68504,-2.01227,3.89154,-0.05331,0.04150,-0.21599,0.22631
3.75000,2.75208,-2.06406,4.12811,2.69857,-2.02243,3.91202,-0.05350,0.04162,-0.21609,0.22648
3.75833,2.76582,-2.07437,4.14873,2.71213,-2.03262,3.93253,-0.05369,0.04175,-0.21620,0.22664
3.76667,2.77959,-2.08469,4.16938,2.72571,-2.04282,3.95309,-0.05388,0.04187,-0.21630,0.22681
3.77500,2.79338,-2.09504,4.19007,2.73932,-2.05304,3.97367,-0.05407,0.04200,-0.21640,0.22697
3.78333,2.80720,-2.10540,4.21080,2.75295,-2.06328,3.99430,-0.05426,0.04212,-0.21650,0.22714
3.79167,2.82104,-2.11578,4.23156,2.76660,-2.07354,4.01496,-0.05444,0.04224,-0.21660,0.22730
3.80000,2.83491,-2.12618,4.25236,2.78028,-2.08381,4.03565,-0.05463,0.04237,-0.21671,0.22747
3.80833,2.84880,-2.13660,4.27319,2.79398,-2.09411,4.05639,-0.05482,0.04249,-0.21681,0.22763
3.81667,2.86271,-2.14703,4.29406,2.80771,-2.10442,4.07715,-0.05500,0.04261,-0.21691,0.22779
3.82500,2.87664,-2.15748,4.31496,2.82146,-2.11475,4.09796,-0.05519,0.04273,-0.21701,0.22796
3.83333,2.89060,-2.16795,4.33590,2.83523,-2.12510,4.11880,-0.05537,0.04286,-0.21711,0.22812
3.84167,2.90458,-2.17844,4.35687,2.84903,-2.13546,4.13967,-0.05556,0.04298,-0.21721,0.22828
3.85000,2.91859,-2.18894,4.37788,2.86285,-2.14584,4.16058,-0.05574,0.04310,-0.21730,0.22844
3.85833,2.93261,-2.19946,4.39892,2.87669,-2.15624,4.18152,-0.05592,0.04322,-0.21740,0.22860
3.86667,2.94666,-2.21000,4.41999,2.89056,-2.16666,4.20250,-0.05610,0.04334,-0.21750,0.22876
3.87500,2.96074,-2.22055,4.44110,2.90445,-2.17709,4.22351,-0.05629,0.04346,-0.21760,0.22892
3.88333,2.97483,-2.23112,4.46224,2.91836,-2.18754,4.24455,-0.05647,0.04358,-0.21769,0.22908
3.89167,2.98895,-2.24171,4.48342,2.93230,-2.19801,4.26563,-0.05665,0.04370,-0.21779,0.22924
3.90000,3.00308,-2.25231,4.50463,2.94626,-2.20849,4.28674,-0.05683,0.04382,-0.21789,0.22940
3.90833,3.01724,-2.26293,4.52587,2.96024,-2.21899,4.30788,-0.05701,0.04394,-0.21798,0.22956
3.91667,3.03143,-2.27357,4.54714,2.97424,-2.22951,4.32906,-0.05719,0.04406,-0.21808,0.22971
3.92500,3.04563,-2.28422,4.56844,2.98826,-2.24004,4.35027,-0.05737,0.04418,-0.21817,0.22987
3.93333,3.05985,-2.29489,4.58978,3.00231,-2.25059,4.37152,-0.05754,0.04430,-0.21826,0.23003
3.94167,3.07410,-2.30557,4.61115,3.01638,-2.26115,4.39279,-0.05772,0.04442,-0.21836,0.23018
3.95000,3.08837,-2.31627,4.63255,3.03047,-2.27174,4.41410,-0.05790,0.04454,-0.21845,0.23034
3.95833,3.10265,-2.32699,4.65398,3.04458,-2.28233,4.43544,-0.05807,0.04466,-0.21854,0.23049
3.96667,3.11696,-2.33772,4.67544,3.05872,-2.29295,4.45681,-0.05825,0.04477,-0.21863,0.23065
3.97500,3.13129,-2.34847,4.69694,3.07287,-2.30358,4.47821,-0.05842,0.04489,-0.21872,0.23080
3.98333,3.14564,-2.35923,4.71846,3.08705,-2.31422,4.49965,-0.05859,0.04501,-0.21881,0.23095
3.99167,3.16001,-2.37001,4.74002,3.10124,-2.32488,4.52111,-0.05877,0.04513,-0.21890,0.23110
4.00000,3.17440,-2.38080,4.76160,3.11546,-2.33556,4.54261,-0.05894,0.04524,-0.21899,0.23125
4.00833,3.18881,-2.39161,4.78321,3.12970,-2.34625,4.56413,-0.05911,0.04536,-0.21908,0.23140
4.01667,3.20324,-2.40243,4.80486,3.14396,-2.35696,4.58569,-0.05928,0.04547,-0.21917,0.23155
4.02500,3.21769,-2.41327,4.82653,3.15824,-2.36768,4.60728,-0.05945,0.04559,-0.21925,0.23170
4.03333,3.23216,-2.42412,4.84824,3.17254,-2.37841,4.62890,-0.05962,0.04570,-0.21934,0.23185
4.04167,3.24665,-2.43499,4.86997,3.18686,-2.38917,4.65054,-0.05979,0.04582,-0.21943,0.23200
4.05000,3.26115,-2.44587,4.89173,3.20120,-2.39993,4.67222,-0.05996,0.04593,-0.21951,0.23214
4.05833,3.27568,-2.45676,4.91352,3.21556,-2.41071,4.69392,-0.06012,0.04605,-0.21960,0.23229
4.06667,3.29023,-2.46767,4.93534,3.22994,-2.42151,4.71566,-0.06029,0.04616,-0.21968,0.23243
4.07500,3.30479,-2.47859,4.95719,3.24434,-2.43232,4.73742,-0.06046,0.04627,-0.21976,0.23258
4.08333,3.31937,-2.48953,4.97906,3.25875,-2.44314,4.75922,-0.06062,0.04639,-0.21985,0.23272
4.09167,3.33398,-2.50048,5.00096,3.27319,-2.45398,4.78104,-0.06079,0.04650,-0.21993,0.23286
4.10000,3.34860,-2.51145,5.02289,3.28765,-2.46484,4.80288,-0.06095,0.04661,-0.22001,0.23300
4.10833,3.36323,-2.52243,5.04485,3.30212,-2.47570,4.82476,-0.06111,0.04672,-0.22009,0.23315
4.11667,3.37789,-2.53342,5.06683,3.31662,-2.48658,4.84667,-0.06127,0.04683,-0.22017,0.23329
4.12500,3.39256,-2.54442,5.08885,3.33113,-2.49748,4.86860,-0.06143,0.04695,-0.22025,0.23342
4.13333,3.40725,-2.55544,5.11088,3.34566,-2.50839,4.89056,-0.06159,0.04706,-0.22033,0.23356
4.14167,3.42196,-2.56647,5.13295,3.36021,-2.51931,4.91254,-0.06175,0.04717,-0.22040,0.23370
4.15000,3.43669,-2.57752,5.15504,3.37478,-2.53024,4.93456,-0.06191,0.04728,-0.22048,0.23384
4.15833,3.45143,-2.58858,5.17715,3.38936,-2.54119,4.95659,-0.06207,0.04738,-0.22056,0.23397
4.16667,3.46619,-2.59965,5.19929,3.40397,-2.55215,4.97866,-0.06223,0.04749,-0.22063,0.23411
4.17500,3.48097,-2.61073,5.22146,3.41859,-2.56313,5.00075,-0.06238,0.04760,-0.22070,0.23424
4.18333,3.49577,-2.62182,5.24365,3.43323,-2.57412,5.02287,-0.06254,0.04771,-0.22078,0.23437
4.19167,3.51058,-2.63293,5.26586,3.44788,-2.58512,5.04501,-0.06269,0.04782,-0.22085,0.23450
4.20000,3.52540,-2.64405,5.28811,3.46256,-2.59613,5.06718,-0.06284,0.04792,-0.22092,0.23463
4.20833,3.54025,-2.65519,5.31037,3.47725,-2.60716,5.08938,-0.06300,0.04803,-0.22099,0.23476
4.21667,3.55511,-2.66633,5.33266,3.49196,-2.61819,5.11160,-0.06315,0.04814,-0.22106,0.23489
4.22500,3.56998,-2.67749,5.35497,3.50668,-2.62925,5.13384,-0.06330,0.04824,-0.22113,0.23502
4.23333,3.58487,-2.68865,5.37731,3.52142,-2.64031,5.15611,-0.06345,0.04835,-0.22120,0.23515
4.24167,3.59978,-2.69983,5.39967,3.53618,-2.65138,5.17840,-0.06360,0.04845,-0.22127,0.23527
4.25000,3.61470,-2.71103,5.42205,3.55095,-2.66247,5.20072,-0.06375,0.04855,-0.22134,0.23539
4.25833,3.62964,-2.72223,5.44446,3.56574,-2.67357,5.22306,-0.06389,0.04866,-0.22140,0.23552
4.26667,3.64459,-2.73344,5.46689,3.58055,-2.68468,5.24542,-0.06404,0.04876,-0.22147,0.23564
4.27500,3.65956,-2.74467,5.48934,3.59537,-2.69581,5.26781,-0.06419,0.04886,-0.22153,0.23576
4.28333,3.67454,-2.75591,5.51181,3.61021,-2.70694,5.29022,-0.06433,0.04896,-0.22159,0.23588
4.29167,3.68954,-2.76715,5.53431,3.62506,-2.71809,5.31265,-0.06447,0.04907,-0.22166,0.23600
4.30000,3.70455,-2.77841,5.55682,3.63993,-2.72925,5.33511,-0.06462,0.04917,-0.22172,0.23612
4.30833,3.71957,-2.78968,5.57936,3.65482,-2.74041,5.35758,-0.06476,0.04927,-0.22178,0.23623
4.31667,3.73461,-2.80096,5.60192,3.66972,-2.75159,5.38008,-0.06490,0.04937,-0.22184,0.23635
4.32500,3.74967,-2.81225,5.62450,3.68463,-2.76279,5.40261,-0.06504,0.04947,-0.22190,0.23646
4.33333,3.76474,-2.82355,5.64710,3.69956,-2.77399,5.42515,-0.06518,0.04956,-0.22195,0.23658
4.34167,3.77982,-2.83486,5.66973,3.71450,-2.78520,5.44772,-0.06532,0.04966,-0.22201,0.23669
4.35000,3.79491,-2.84618,5.69237,3.72946,-2.79642,5.47030,-0.06545,0.04976,-0.22207,0.23680
4.35833,3.81002,-2.85751,5.71503,3.74443,-2.80766,5.49291,-0.06559,0.04986,-0.22212,0.23691
4.36667,3.82514,-2.86886,5.73771,3.75942,-2.81890,5.51554,-0.06572,0.04995,-0.22217,0.23702
4.37500,3.84027,-2.88021,5.76041,3.77442,-2.83016,5.53819,-0.06586,0.05005,-0.22223,0.23712
4.38333,3.85542,-2.89157,5.78313,3.78943,-2.84142,5.56085,-0.06599,0.05014,-0.22228,0.23723
4.39167,3.87058,-2.90294,5.80587,3.80446,-2.85270,5.58354,-0.06612,0.05024,-0.22233,0.23733
4.40000,3.88575,-2.91432,5.82863,3.81950,-2.86398,5.60625,-0.06625,0.05033,-0.22238,0.23743
4.40833,3.90094,-2.92570,5.85141,3.83455,-2.87528,5.62898,-0.06638,0.05042,-0.22243,0.23754
4.41667,3.91613,-2.93710,5.87420,3.84962,-2.88658,5.65173,-0.06651,0.05052,-0.22248,0.23764
4.42500,3.93134,-2.94851,5.89701,3.86470,-2.89790,5.67449,-0.06664,0.05061,-0.22252,0.23774
4.43333,3.94656,-2.95992,5.91984,3.87980,-2.90922,5.69728,-0.06677,0.05070,-0.22257,0.23783
4.44167,3.96180,-2.97135,5.94269,3.89490,-2.92056,5.72008,-0.06689,0.05079,-0.22261,0.23793
4.45000,3.97704,-2.98278,5.96556,3.91002,-2.93190,5.74290,-0.06702,0.05088,-0.22266,0.23803
4.45833,3.99229,-2.99422,5.98844,3.92515,-2.94325,5.76574,-0.06714,0.05097,-0.22270,0.23812
4.46667,4.00756,-3.00567,6.01134,3.94030,-2.95461,5.78860,-0.06726,0.05106,-0.22274,0.23821
4.47500,4.02284,-3.01713,6.03425,3.95545,-2.96598,5.81147,-0.06739,0.05115,-0.22278,0.23830
4.48333,4.03812,-3.02859,6.05719,3.97062,-2.97736,5.83437,-0.06751,0.05123,-0.22282,0.23839
4.49167,4.05342,-3.04007,6.08013,3.98580,-2.98875,5.85728,-0.06763,0.05132,-0.22286,0.23848
4.50000,4.06873,-3.05155,6.10310,4.00099,-3.00014,5.88020,-0.06774,0.05141,-0.22289,0.23857
4.50833,4.08405,-3.06304,6.12608,4.01619,-3.01155,5.90314,-0.06786,0.05149,-0.22293,0.23865
4.51667,4.09938,-3.07453,6.14907,4.03140,-3.02296,5.92610,-0.06798,0.05158,-0.22297,0.23874
4.52500,4.11472,-3.08604,6.17208,4.04663,-3.03438,5.94908,-0.06809,0.05166,-0.22300,0.23882
4.53333,4.13007,-3.09755,6.19510,4.06186,-3.04581,5.97207,-0.06821,0.05174,-0.22303,0.23890
4.54167,4.14543,-3.10907,6.21814,4.07711,-3.05724,5.99508,-0.06832,0.05183,-0.22306,0.23898
4.55000,4.16080,-3.12060,6.24119,4.09236,-3.06869,6.01810,-0.06843,0.05191,-0.22309,0.23906
4.55833,4.17617,-3.13213,6.26426,4.10763,-3.08014,6.04114,-0.06854,0.05199,-0.22312,0.23913
4.56667,4.19156,-3.14367,6.28734,4.12291,-3.09160,6.06419,-0.06865,0.05207,-0.22315,0.23921
4.57500,4.20695,-3.15522,6.31043,4.13820,-3.10307,6.08725,-0.06876,0.05215,-0.22318,0.23928
4.58333,4.22236,-3.16677,6.33354,4.15349,-3.11454,6.11034,-0.06887,0.05223,-0.22320,0.23935
4.59167,4.23777,-3.17833,6.35666,4.16880,-3.12602,6.13343,-0.06897,0.05231,-0.22323,0.23942
4.60000,4.25319,-3.18990,6.37979,4.18412,-3.13751,6.15654,-0.06908,0.05238,-0.22325,0.23949
4.60833,4.26862,-3.20147,6.40294,4.19944,-3.14901,6.17966,-0.06918,0.05246,-0.22327,0.23956
4.61667,4.28406,-3.21305,6.42609,4.21478,-3.16051,6.20280,-0.06928,0.05254,-0.22329,0.23963
4.62500,4.29951,-3.22463,6.44926,4.23012,-3.17202,6.22595,-0.06939,0.05261,-0.22331,0.23969
4.63333,4.31496,-3.23622,6.47244,4.24547,-3.18354,6.24911,-0.06949,0.05268,-0.22333,0.23975
4.64167,4.33042,-3.24782,6.49563,4.26084,-3.19506,6.27228,-0.06959,0.05276,-0.22335,0.23981
4.65000,4.34589,-3.25942,6.51884,4.27621,-3.20659,6.29547,-0.06968,0.05283,-0.22337,0.23987
4.65833,4.36137,-3.27102,6.54205,4.29159,-3.21812,6.31867,-0.06978,0.05290,-0.22338,0.23993
4.66667,4.37685,-3.28264,6.56527,4.30697,-3.22966,6.34188,-0.06988,0.05297,-0.22339,0.23999
4.67500,4.39234,-3.29425,6.58851,4.32237,-3.24121,6.36510,-0.06997,0.05304,-0.22341,0.24004
4.68333,4.40784,-3.30588,6.61175,4.33777,-3.25276,6.38834,-0.07007,0.05311,-0.22342,0.24010
4.69167,4.42334,-3.31750,6.63501,4.35318,-3.26432,6.41158,-0.07016,0.05318,-0.22343,0.24015
4.70000,4.43885,-3.32914,6.65827,4.36860,-3.27589,6.43484,-0.07025,0.05325,-0.22344,0.24020
4.70833,4.45436,-3.34077,6.68155,4.38403,-3.28746,6.45810,-0.07034,0.05332,-0.22344,0.24024
4.71667,4.46989,-3.35241,6.70483,4.39946,-3.29903,6.48138,-0.07043,0.05338,-0.22345,0.24029
4.72500,4.48541,-3.36406,6.72812,4.41490,-3.31061,6.50467,-0.07051,0.05345,-0.22345,0.24033
4.73333,4.50095,-3.37571,6.75142,4.43035,-3.32220,6.52796,-0.07060,0.05351,-0.22346,0.24038
4.74167,4.51649,-3.38736,6.77473,4.44580,-3.33379,6.55127,-0.07069,0.05358,-0.22346,0.24042
4.75000,4.53203,-3.39902,6.79805,4.46126,-3.34539,6.57458,-0.07077,0.05364,-0.22346,0.24046
4.75833,4.54758,-3.41069,6.82137,4.47673,-3.35699,6.59791,-0.07085,0.05370,-0.22346,0.24050
4.76667,4.56313,-3.42235,6.84470,4.49220,-3.36859,6.62124,-0.07093,0.05376,-0.22346,0.24053
4.77500,4.57869,-3.43402,6.86804,4.50768,-3.38020,6.64459,-0.07101,0.05382,-0.22346,0.24057
4.78333,4.59426,-3.44569,6.89139,4.52317,-3.39181,6.66794,-0.07109,0.05388,-0.22345,0.24060
4.79167,4.60983,-3.45737,6.91474,4.53866,-3.40343,6.69129,-0.07117,0.05394,-0.22345,0.24063
4.80000,4.62540,-3.46905,6.93810,4.55415,-3.41505,6.71466,-0.07124,0.05400,-0.22344,0.24066
4.80833,4.64098,-3.48073,6.96147,4.56966,-3.42668,6.73803,-0.07132,0.05405,-0.22343,0.24069
4.81667,4.65656,-3.49242,6.98484,4.58516,-3.43831,6.76142,-0.07139,0.05411,-0.22342,0.24071
4.82500,4.67214,-3.50411,7.00821,4.60068,-3.44995,6.78480,-0.07147,0.05416,-0.22341,0.24073
4.83333,4.68773,-3.51580,7.03160,4.61619,-3.46158,6.80820,-0.07154,0.05422,-0.22340,0.24076
4.84167,4.70332,-3.52749,7.05499,4.63172,-3.47322,6.83160,-0.07161,0.05427,-0.22338,0.24078
4.85000,4.71892,-3.53919,7.07838,4.64724,-3.48487,6.85501,-0.07168,0.05432,-0.22337,0.24079
4.85833,4.73452,-3.55089,7.10178,4.66277,-3.49652,6.87842,-0.07174,0.05437,-0.22335,0.24081
4.86667,4.75012,-3.56259,7.12518,4.67831,-3.50817,6.90184,-0.07181,0.05442,-0.22334,0.24083
4.87500,4.76572,-3.57429,7.14858,4.69385,-3.51982,6.92527,-0.07187,0.05447,-0.22332,0.24084
4.88333,4.78133,-3.58600,7.17199,4.70939,-3.53148,6.94870,-0.07194,0.05452,-0.22330,0.24085
4.89167,4.79694,-3.59770,7.19541,4.72494,-3.54314,6.97213,-0.07200,0.05457,-0.22327,0.24086
4.90000,4.81255,-3.60941,7.21882,4.74049,-3.55480,6.99557,-0.07206,0.05461,-0.22325,0.24086
4.90833,4.82816,-3.62112,7.24225,4.75604,-3.56647,7.01902,-0.07212,0.05466,-0.22323,0.24087
4.91667,4.84378,-3.63283,7.26567,4.77160,-3.57813,7.04247,-0.07218,0.05470,-0.22320,0.24087
4.92500,4.85940,-3.64455,7.28909,4.78716,-3.58980,7.06592,-0.07223,0.05474,-0.22317,0.24087
4.93333,4.87501,-3.65626,7.31252,4.80272,-3.60147,7.08938,-0.07229,0.05479,-0.22314,0.24087
4.94167,4.89063,-3.66798,7.33595,4.81829,-3.61315,7.11284,-0.07234,0.05483,-0.22311,0.24087
4.95000,4.90626,-3.67969,7.35938,4.83386,-3.62482,7.13630,-0.07240,0.05487,-0.22308,0.24087
4.95833,4.92188,-3.69141,7.38282,4.84943,-3.63650,7.15977,-0.07245,0.05491,-0.22305,0.24086
4.96667,4.93750,-3.70313,7.40625,4.86500,-3.64818,7.18324,-0.07250,0.05495,-0.22301,0.24085
4.97500,4.95313,-3.71484,7.42969,4.88058,-3.65986,7.20671,-0.07255,0.05498,-0.22298,0.24084
4.98333,4.96875,-3.72656,7.45313,4.89615,-3.67154,7.23019,-0.07260,0.05502,-0.22294,0.24083
4.99167,4.98438,-3.73828,7.47656,4.91173,-3.68322,7.25366,-0.07264,0.05506,-0.22290,0.24082
5.00000,5.00000,-3.75000,7.50000,4.92731,-3.69491,7.27714,-0.07269,0.05509,-0.22286,0.24080
5.00833,5.01562,-3.76172,7.52344,4.94289,-3.70659,7.30062,-0.07273,0.05513,-0.22282,0.24078
5.01667,5.03125,-3.77344,7.54687,4.95848,-3.71828,7.32410,-0.07277,0.05516,-0.22278,0.24076
5.02500,5.04687,-3.78516,7.57031,4.97406,-3.72997,7.34758,-0.07281,0.05519,-0.22273,0.24074
5.03333,5.06250,-3.79687,7.59375,4.98965,-3.74165,7.37106,-0.07285,0.05522,-0.22268,0.24072
5.04167,5.07812,-3.80859,7.61718,5.00523,-3.75334,7.39455,-0.07289,0.05525,-0.22264,0.24069
5.05000,5.09374,-3.82031,7.64062,5.02082,-3.76503,7.41803,-0.07293,0.05528,-0.22259,0.24066
5.05833,5.10937,-3.83202,7.66405,5.03640,-3.77672,7.44151,-0.07296,0.05531,-0.22254,0.24063
5.06667,5.12499,-3.84374,7.68748,5.05199,-3.78841,7.46499,-0.07300,0.05533,-0.22248,0.24060
5.07500,5.14060,-3.85545,7.71091,5.06758,-3.80010,7.48847,-0.07303,0.05536,-0.22243,0.24057
5.08333,5.15622,-3.86717,7.73433,5.08316,-3.81178,7.51196,-0.07306,0.05538,-0.22238,0.24053
5.09167,5.17184,-3.87888,7.75775,5.09875,-3.82347,7.53544,-0.07309,0.05541,-0.22232,0.24049
5.10000,5.18745,-3.89059,7.78118,5.11433,-3.83516,7.55891,-0.07312,0.05543,-0.22226,0.24045
5.10833,5.20306,-3.90230,7.80459,5.12992,-3.84685,7.58239,-0.07314,0.05545,-0.22220,0.24041
5.11667,5.21867,-3.91400,7.82801,5.14550,-3.85853,7.60586,-0.07317,0.05547,-0.22214,0.24037
5.12500,5.23428,-3.92571,7.85142,5.16108,-3.87022,7.62934,-0.07319,0.05549,-0.22208,0.24032
5.13333,5.24988,-3.93741,7.87482,5.17666,-3.88190,7.65281,-0.07322,0.05551,-0.22201,0.24028
5.14167,5.26548,-3.94911,7.89822,5.19225,-3.89359,7.67628,-0.07324,0.05552,-0.22195,0.24023
5.15000,5.28108,-3.96081,7.92162,5.20782,-3.90527,7.69974,-0.07326,0.05554,-0.22188,0.24017
5.15833,5.29668,-3.97251,7.94501,5.22340,-3.91695,7.72320,-0.07328,0.05555,-0.22181,0.24012
5.16667,5.31227,-3.98420,7.96840,5.23898,-3.92863,7.74666,-0.07329,0.05557,-0.22174,0.24006
5.17500,5.32786,-3.99589,7.99179,5.25455,-3.94031,7.77011,-0.07331,0.05558,-0.22167,0.24000
5.18333,5.34344,-4.00758,8.01516,5.27012,-3.95199,7.79356,-0.07332,0.05559,-0.22160,0.23994
5.19167,5.35902,-4.01927,8.03853,5.28569,-3.96366,7.81701,-0.07334,0.05560,-0.22152,0.23988
5.20000,5.37460,-4.03095,8.06190,5.30125,-3.97534,7.84045,-0.07335,0.05561,-0.22145,0.23982
5.20833,5.39017,-4.04263,8.08526,5.31682,-3.98701,7.86389,-0.07336,0.05562,-0.22137,0.23975
5.21667,5.40574,-4.05431,8.10861,5.33238,-3.99868,7.88732,-0.07337,0.05563,-0.22129,0.23968
5.22500,5.42131,-4.06598,8.13196,5.34793,-4.01034,7.91075,-0.07337,0.05564,-0.22121,0.23961
5.23333,5.43687,-4.07765,8.15530,5.36349,-4.02201,7.93417,-0.07338,0.05564,-0.22113,0.23954
5.24167,5.45242,-4.08931,8.17863,5.37904,-4.03367,7.95758,-0.07338,0.05565,-0.22105,0.23946
5.25000,5.46797,-4.10098,8.20195,5.39458,-4.04533,7.98099,-0.07338,0.05565,-0.22096,0.23939
5.25833,5.48351,-4.11264,8.22527,5.41013,-4.05698,8.00440,-0.07339,0.05565,-0.22087,0.23931
5.26667,5.49905,-4.12429,8.24858,5.42567,-4.06864,8.02779,-0.07339,0.05565,-0.22078,0.23922
5.27500,5.51459,-4.13594,8.27188,5.44120,-4.08029,8.05118,-0.07338,0.05565,-0.22069,0.23914
5.28333,5.53011,-4.14759,8.29517,5.45673,-4.09194,8.07457,-0.07338,0.05565,-0.22060,0.23906
5.29167,5.54564,-4.15923,8.31845,5.47226,-4.10358,8.09794,-0.07338,0.05565,-0.22051,0.23897
5.30000,5.56115,-4.17086,8.34173,5.48778,-4.11522,8.12131,-0.07337,0.05564,-0.22042,0.23888
5.30833,5.57666,-4.18250,8.36499,5.50330,-4.12686,8.14467,-0.07336,0.05564,-0.22032,0.23879
5.31667,5.59216,-4.19412,8.38825,5.51881,-4.13849,8.16802,-0.07335,0.05563,-0.22022,0.23869
5.32500,5.60766,-4.20575,8.41149,5.53432,-4.15012,8.19137,-0.07334,0.05563,-0.22012,0.23860
5.33333,5.62315,-4.21736,8.43473,5.54982,-4.16174,8.21470,-0.07333,0.05562,-0.22002,0.23850
5.34167,5.63863,-4.22898,8.45795,5.56532,-4.17336,8.23803,-0.07332,0.05561,-0.21992,0.23840
5.35000,5.65411,-4.24058,8.48116,5.58081,-4.18498,8.26135,-0.07330,0.05560,-0.21982,0.23829
5.35833,5.66958,-4.25218,8.50437,5.59629,-4.19659,8.28466,-0.07329,0.05559,-0.21971,0.23819
5.36667,5.68504,-4.26378,8.52756,5.61177,-4.20820,8.30796,-0.07327,0.05558,-0.21960,0.23808
5.37500,5.70049,-4.27537,8.55074,5.62724,-4.21981,8.33124,-0.07325,0.05556,-0.21949,0.23797
5.38333,5.71594,-4.28695,8.57391,5.64271,-4.23140,8.35452,-0.07323,0.05555,-0.21938,0.23786
5.39167,5.73138,-4.29853,8.59706,5.65817,-4.24300,8.37779,-0.07321,0.05553,-0.21927,0.23775
5.40000,5.74681,-4.31010,8.62021,5.67362,-4.25459,8.40105,-0.07318,0.05552,-0.21916,0.23763
5.40833,5.76223,-4.32167,8.64334,5.68907,-4.26617,8.42430,-0.07316,0.05550,-0.21904,0.23751
5.41667,5.77764,-4.33323,8.66646,5.70451,-4.27775,8.44753,-0.07313,0.05548,-0.21893,0.23739
5.42500,5.79305,-4.34478,8.68957,5.71994,-4.28932,8.47076,-0.07310,0.05546,-0.21881,0.23727
5.43333,5.80844,-4.35633,8.71266,5.73537,-4.30089,8.49397,-0.07307,0.05544,-0.21869,0.23715
5.44167,5.82383,-4.36787,8.73574,5.75078,-4.31245,8.51717,-0.07304,0.05542,-0.21857,0.23702
5.45000,5.83920,-4.37940,8.75881,5.76619,-4.32401,8.54036,-0.07301,0.05539,-0.21845,0.23689
5.45833,5.85457,-4.39093,8.78186,5.78160,-4.33556,8.56354,-0.07298,0.05537,-0.21832,0.23676
5.46667,5.86993,-4.40245,8.80490,5.79699,-4.34711,8.58670,-0.07294,0.05534,-0.21820,0.23663
5.47500,5.88528,-4.41396,8.82792,5.81238,-4.35864,8.60985,-0.07290,0.05532,-0.21807,0.23649
5.48333,5.90062,-4.42547,8.85093,5.82776,-4.37018,8.63299,-0.07287,0.05529,-0.21794,0.23636
5.49167,5.91595,-4.43696,8.87392,5.84312,-4.38170,8.65611,-0.07283,0.05526,-0.21781,0.23622
5.50000,5.93127,-4.44845,8.89690,5.85848,-4.39322,8.67922,-0.07278,0.05523,-0.21768,0.23608
5.50833,5.94658,-4.45993,8.91987,5.87384,-4.40473,8.70232,-0.07274,0.05520,-0.21754,0.23593
5.51667,5.96188,-4.47141,8.94281,5.88918,-4.41624,8.72540,-0.07270,0.05517,-0.21741,0.23579
5.52500,5.97716,-4.48287,8.96575,5.90451,-4.42774,8.74847,-0.07265,0.05513,-0.21727,0.23564
5.53333,5.99244,-4.49433,8.98866,5.91984,-4.43923,8.77153,-0.07260,0.05510,-0.21713,0.23549
5.54167,6.00771,-4.50578,9.01156,5.93515,-4.45072,8.79457,-0.07255,0.05506,-0.21699,0.23534
5.55000,6.02296,-4.51722,9.03444,5.95046,-4.46220,8.81759,-0.07250,0.05503,-0.21685,0.23518
5.55833,6.03820,-4.52865,9.05731,5.96575,-4.47367,8.84060,-0.07245,0.05499,-0.21671,0.23502
5.56667,6.05344,-4.54008,9.08016,5.98104,-4.48513,8.86359,-0.07240,0.05495,-0.21657,0.23486
5.57500,6.06866,-4.55149,9.10299,5.99631,-4.49659,8.88657,-0.07234,0.05491,-0.21642,0.23470
5.58333,6.08387,-4.56290,9.12580,6.01158,-4.50803,8.90953,-0.07229,0.05487,-0.21627,0.23454
5.59167,6.09906,-4.57430,9.14859,6.02683,-4.51947,8.93247,-0.07223,0.05482,-0.21612,0.23437
5.60000,6.11425,-4.58568,9.17137,6.04208,-4.53091,8.95540,-0.07217,0.05478,-0.21597,0.23421
5.60833,6.12942,-4.59706,9.19413,6.05731,-4.54233,8.97831,-0.07211,0.05474,-0.21582,0.23404
5.61667,6.14458,-4.60843,9.21687,6.07253,-4.55374,9.00120,-0.07205,0.05469,-0.21566,0.23387
5.62500,6.15973,-4.61979,9.23959,6.08774,-4.56515,9.02408,-0.07198,0.05464,-0.21551,0.23369
5.63333,6.17486,-4.63114,9.26229,6.10294,-4.57655,9.04694,-0.07192,0.05459,-0.21535,0.23351
5.64167,6.18998,-4.64249,9.28497,6.11813,-4.58794,9.06978,-0.07185,0.05454,-0.21519,0.23334
5.65000,6.20509,-4.65382,9.30763,6.13331,-4.59932,9.09260,-0.07178,0.05449,-0.21503,0.23316
5.65833,6.22018,-4.66514,9.33027,6.14847,-4.61069,9.11540,-0.07171,0.05444,-0.21487,0.23297
5.66667,6.23526,-4.67645,9.35290,6.16362,-4.62206,9.13819,-0.07164,0.05439,-0.21471,0.23279
5.67500,6.25033,-4.68775,9.37550,6.17876,-4.63341,9.16095,-0.07157,0.05434,-0.21454,0.23260
5.68333,6.26539,-4.69904,9.39808,6.19389,-4.64476,9.18370,-0.07149,0.05428,-0.21438,0.23241
5.69167,6.28043,-4.71032,9.42064,6.20901,-4.65609,9.20643,-0.07142,0.05422,-0.21421,0.23222
5.70000,6.29545,-4.72159,9.44318,6.22411,-4.66742,9.22914,-0.07134,0.05417,-0.21404,0.23203
5.70833,6.31046,-4.73285,9.46569,6.23920,-4.67874,9.25183,-0.07126,0.05411,-0.21387,0.23183
5.71667,6.32546,-4.74409,9.48819,6.25428,-4.69004,9.27449,-0.07118,0.05405,-0.21369,0.23163
5.72500,6.34044,-4.75533,9.51066,6.26934,-4.70134,9.29714,-0.07110,0.05399,-0.21352,0.23143
5.73333,6.35541,-4.76656,9.53311,6.28439,-4.71263,9.31977,-0.07102,0.05393,-0.21334,0.23123
5.74167,6.37036,-4.77777,9.55554,6.29943,-4.72391,9.34237,-0.07093,0.05386,-0.21317,0.23103
5.75000,6.38530,-4.78897,9.57795,6.31445,-4.73517,9.36496,-0.07085,0.05380,-0.21299,0.23082
5.75833,6.40022,-4.80017,9.60033,6.32946,-4.74643,9.38752,-0.07076,0.05374,-0.21281,0.23061
5.76667,6.41513,-4.81135,9.62269,6.34446,-4.75768,9.41006,-0.07067,0.05367,-0.21263,0.23040
5.77500,6.43002,-4.82251,9.64503,6.35944,-4.76891,9.43258,-0.07058,0.05360,-0.21244,0.23019
5.78333,6.44489,-4.83367,9.66734,6.37441,-4.78014,9.45508,-0.07049,0.05353,-0.21226,0.22997
5.79167,6.45975,-4.84481,9.68963,6.38936,-4.79135,9.47756,-0.07040,0.05346,-0.21207,0.22976
5.80000,6.47460,-4.85595,9.71189,6.40430,-4.80255,9.50001,-0.07030,0.05339,-0.21188,0.22954
5.80833,6.48942,-4.86707,9.73414,6.41922,-4.81375,9.52244,-0.07020,0.05332,-0.21169,0.22932
5.81667,6.50423,-4.87818,9.75635,6.43413,-4.82493,9.54485,-0.07011,0.05325,-0.21150,0.22909
5.82500,6.51903,-4.88927,9.77854,6.44902,-4.83610,9.56723,-0.07001,0.05318,-0.21131,0.22887
5.83333,6.53381,-4.90035,9.80071,6.46390,-4.84725,9.58959,-0.06991,0.05310,-0.21112,0.22864
5.84167,6.54857,-4.91142,9.82285,6.47876,-4.85840,9.61193,-0.06980,0.05302,-0.21092,0.22841
5.85000,6.56331,-4.92248,9.84496,6.49361,-4.86954,9.63424,-0.06970,0.05295,-0.21072,0.22818
5.85833,6.57804,-4.93353,9.86705,6.50844,-4.88066,9.65653,-0.06960,0.05287,-0.21052,0.22795
5.86667,6.59275,-4.94456,9.88912,6.52326,-4.89177,9.67879,-0.06949,0.05279,-0.21032,0.22771
5.87500,6.60744,-4.95558,9.91115,6.53806,-4.90287,9.70103,-0.06938,0.05271,-0.21012,0.22747
5.88333,6.62211,-4.96658,9.93317,6.55284,-4.91396,9.72325,-0.06927,0.05263,-0.20992,0.22723
5.89167,6.63677,-4.97757,9.95515,6.56761,-4.92503,9.74543,-0.06916,0.05254,-0.20972,0.22699
5.90000,6.65140,-4.98855,9.97711,6.58236,-4.93609,9.76760,-0.06905,0.05246,-0.20951,0.22675
5.90833,6.66602,-4.99952,9.99904,6.59709,-4.94714,9.78973,-0.06893,0.05238,-0.20930,0.22650
5.91667,6.68063,-5.01047,10.02094,6.61181,-4.95818,9.81185,-0.06882,0.05229,-0.20909,0.22625
5.92500,6.69521,-5.02141,10.04281,6.62651,-4.96920,9.83393,-0.06870,0.05220,-0.20888,0.22600
5.93333,6.70977,-5.03233,10.06466,6.64119,-4.98022,9.85599,-0.06858,0.05211,-0.20867,0.22575
5.94167,6.72432,-5.04324,10.08648,6.65585,-4.99121,9.87802,-0.06846,0.05202,-0.20846,0.22550
5.95000,6.73885,-5.05413,10.10827,6.67050,-5.00220,9.90003,-0.06834,0.05193,-0.20824,0.22524
5.95833,6.75335,-5.06501,10.13003,6.68513,-5.01317,9.92200,-0.06822,0.05184,-0.20803,0.22498
5.96667,6.76784,-5.07588,10.15176,6.69974,-5.02413,9.94396,-0.06810,0.05175,-0.20781,0.22472
5.97500,6.78231,-5.08673,10.17347,6.71434,-5.03508,9.96588,-0.06797,0.05166,-0.20759,0.22446
5.98333,6.79676,-5.09757,10.19514,6.72891,-5.04601,9.98777,-0.06785,0.05156,-0.20737,0.22419
5.99167,6.81119,-5.10839,10.21679,6.74347,-5.05693,10.00964,-0.06772,0.05147,-0.20714,0.22393
6.00000,6.82560,-5.11920,10.23840,6.75801,-5.06783,10.03148,-0.06759,0.05137,-0.20692,0.22366
6.00833,6.83999,-5.12999,10.25998,6.77253,-5.07872,10.05329,-0.06746,0.05127,-0.20670,0.22339
6.01667,6.85436,-5.14077,10.28154,6.78703,-5.08960,10.07507,-0.06733,0.05117,-0.20647,0.22312
6.02500,6.86871,-5.15153,10.30306,6.80152,-5.10046,10.09682,-0.06719,0.05107,-0.20624,0.22284
6.03333,6.88304,-5.16228,10.32456,6.81598,-5.11131,10.11855,-0.06706,0.05097,-0.20601,0.22257
6.04167,6.89735,-5.17301,10.34602,6.83043,-5.12214,10.14024,-0.06692,0.05087,-0.20578,0.22229
6.05000,6.91163,-5.18373,10.36745,6.84485,-5.13296,10.16190,-0.06678,0.05077,-0.20555,0.22201
6.05833,6.92590,-5.19443,10.38885,6.85926,-5.14376,10.18354,-0.06664,0.05066,-0.20532,0.22173
6.06667,6.94015,-5.20511,10.41022,6.87364,-5.15455,10.20514,-0.06650,0.05056,-0.20508,0.22144
6.07500,6.95437,-5.21578,10.43156,6.88801,-5.16533,10.22671,-0.06636,0.05045,-0.20484,0.22116
6.08333,6.96857,-5.22643,10.45286,6.90236,-5.17609,10.24826,-0.06622,0.05034,-0.20461,0.22087
6.09167,6.98276,-5.23707,10.47413,6.91668,-5.18683,10.26977,-0.06607,0.05024,-0.20437,0.22058
6.10000,6.99692,-5.24769,10.49537,6.93099,-5.19756,10.29125,-0.06593,0.05013,-0.20413,0.22029
6.10833,7.01105,-5.25829,10.51658,6.94527,-5.20827,10.31270,-0.06578,0.05002,-0.20388,0.21999
6.11667,7.02517,-5.26888,10.53776,6.95954,-5.21897,10.33412,-0.06563,0.04991,-0.20364,0.21970
6.12500,7.03926,-5.27945,10.55890,6.97378,-5.22966,10.35550,-0.06548,0.04979,-0.20340,0.21940
6.13333,7.05334,-5.29000,10.58001,6.98801,-5.24032,10.37686,-0.06533,0.04968,-0.20315,0.21910
6.14167,7.06739,-5.30054,10.60108,7.00221,-5.25097,10.39818,-0.06518,0.04957,-0.20290,0.21880
6.15000,7.08141,-5.31106,10.62212,7.01639,-5.26161,10.41947,-0.06502,0.04945,-0.20265,0.21850
6.15833,7.09542,-5.32156,10.64313,7.03055,-5.27223,10.44072,-0.06487,0.04933,-0.20240,0.21819
6.16667,7.10940,-5.33205,10.66410,7.04469,-5.28283,10.46195,-0.06471,0.04922,-0.20215,0.21789
6.17500,7.12336,-5.34252,10.68504,7.05880,-5.29342,10.48314,-0.06455,0.04910,-0.20190,0.21758
6.18333,7.13729,-5.35297,10.70594,7.07290,-5.30399,10.50429,-0.06439,0.04898,-0.20164,0.21727
6.19167,7.15120,-5.36340,10.72681,7.08697,-5.31454,10.52542,-0.06423,0.04886,-0.20139,0.21696
6.20000,7.16509,-5.37382,10.74764,7.10102,-5.32508,10.54651,-0.06407,0.04874,-0.20113,0.21664
6.20833,7.17896,-5.38422,10.76844,7.11505,-5.33560,10.56756,-0.06391,0.04861,-0.20087,0.21633
6.21667,7.19280,-5.39460,10.78920,7.12906,-5.34611,10.58858,-0.06374,0.04849,-0.20061,0.21601
6.22500,7.20662,-5.40496,10.80993,7.14304,-5.35660,10.60957,-0.06358,0.04837,-0.20035,0.21569
6.23333,7.22041,-5.41531,10.83062,7.15700,-5.36707,10.63052,-0.06341,0.04824,-0.20009,0.21537
6.24167,7.23418,-5.42563,10.85127,7.17094,-5.37752,10.65144,-0.06324,0.04812,-0.19983,0.21505
6.25000,7.24792,-5.43594,10.87189,7.18485,-5.38796,10.67232,-0.06307,0.04799,-0.19956,0.21473
6.25833,7.26165,-5.44623,10.89247,7.19874,-5.39837,10.69317,-0.06290,0.04786,-0.19930,0.21440
6.26667,7.27534,-5.45651,10.91301,7.21261,-5.40878,10.71398,-0.06273,0.04773,-0.19903,0.21407
6.27500,7.28901,-5.46676,10.93352,7.22646,-5.41916,10.73476,-0.06256,0.04760,-0.19876,0.21374
6.28333,7.30266,-5.47699,10.95399,7.24028,-5.42952,10.75550,-0.06238,0.04747,-0.19849,0.21341
6.29167,7.31628,-5.48721,10.97442,7.25408,-5.43987,10.77620,-0.06221,0.04734,-0.19822,0.21308
6.30000,7.32988,-5.49741,10.99482,7.26785,-5.45020,10.79687,-0.06203,0.04721,-0.19795,0.21274
6.30833,7.34345,-5.50759,11.01517,7.28160,-5.46052,10.81750,-0.06185,0.04707,-0.19768,0.21241
6.31667,7.35699,-5.51775,11.03549,7.29533,-5.47081,10.83809,-0.06167,0.04694,-0.19740,0.21207
6.32500,7.37052,-5.52789,11.05577,7.30903,-5.48109,10.85865,-0.06149,0.04680,-0.19713,0.21173
6.33333,7.38401,-5.53801,11.07601,7.32270,-5.49134,10.87917,-0.06131,0.04666,-0.19685,0.21139
6.34167,7.39748,-5.54811,11.09622,7.33636,-5.50158,10.89965,-0.06112,0.04653,-0.19657,0.21105
6.35000,7.41092,-5.55819,11.11638,7.34998,-5.51180,10.92009,-0.06094,0.04639,-0.19629,0.21070
6.35833,7.42434,-5.56825,11.13651,7.36359,-5.52200,10.94050,-0.06075,0.04625,-0.19601,0.21036
6.36667,7.43773,-5.57830,11.15659,7.37716,-5.53219,10.96087,-0.06057,0.04611,-0.19573,0.21001
6.37500,7.45109,-5.58832,11.17664,7.39072,-5.54235,10.98120,-0.06038,0.04597,-0.19545,0.20966
6.38333,7.46443,-5.59832,11.19665,7.40424,-5.55250,11.00149,-0.06019,0.04583,-0.19516,0.20931
6.39167,7.47774,-5.60831,11.21661,7.41774,-5.56262,11.02174,-0.06000,0.04568,-0.19488,0.20896
6.40000,7.49103,-5.61827,11.23654,7.43122,-5.57273,11.04195,-0.05981,0.04554,-0.19459,0.20860
6.40833,7.50428,-5.62821,11.25643,7.44467,-5.58282,11.06213,-0.05961,0.04539,-0.19430,0.20825
6.41667,7.51752,-5.63814,11.27627,7.45810,-5.59289,11.08226,-0.05942,0.04525,-0.19401,0.20789
6.42500,7.53072,-5.64804,11.29608,7.47149,-5.60294,11.10236,-0.05922,0.04510,-0.19372,0.20753
6.43333,7.54389,-5.65792,11.31584,7.48487,-5.61297,11.12241,-0.05903,0.04496,-0.19343,0.20717
6.44167,7.55704,-5.66778,11.33557,7.49821,-5.62298,11.14243,-0.05883,0.04481,-0.19314,0.20681
6.45000,7.57016,-5.67762,11.35525,7.51153,-5.63296,11.16240,-0.05863,0.04466,-0.19285,0.20645
6.45833,7.58326,-5.68744,11.37489,7.52483,-5.64293,11.18234,-0.05843,0.04451,-0.19255,0.20609
6.46667,7.59632,-5.69724,11.39449,7.53809,-5.65288,11.20223,-0.05823,0.04436,-0.19226,0.20572
6.47500,7.60936,-5.70702,11.41404,7.55133,-5.66281,11.22208,-0.05803,0.04421,-0.19196,0.20535
6.48333,7.62237,-5.71678,11.43356,7.56454,-5.67272,11.24190,-0.05783,0.04405,-0.19166,0.20498
6.49167,7.63535,-5.72651,11.45303,7.57773,-5.68261,11.26167,-0.05762,0.04390,-0.19136,0.20461
6.50000,7.64831,-5.73623,11.47246,7.59089,-5.69248,11.28140,-0.05742,0.04375,-0.19106,0.20424
6.50833,7.66123,-5.74592,11.49185,7.60402,-5.70233,11.30109,-0.05721,0.04359,-0.19076,0.20387
6.51667,7.67413,-5.75560,11.51119,7.61712,-5.71216,11.32073,-0.05700,0.04344,-0.19046,0.20350
6.52500,7.68699,-5.76525,11.53049,7.63020,-5.72197,11.34034,-0.05680,0.04328,-0.19016,0.20312
6.53333,7.69983,-5.77488,11.54975,7.64325,-5.73175,11.35990,-0.05659,0.04312,-0.18985,0.20274
6.54167,7.71264,-5.78448,11.56897,7.65627,-5.74152,11.37942,-0.05638,0.04297,-0.18955,0.20237
6.55000,7.72542,-5.79407,11.58814,7.66926,-5.75126,11.39890,-0.05616,0.04281,-0.18924,0.20199
6.55833,7.73818,-5.80363,11.60726,7.68222,-5.76098,11.41833,-0.05595,0.04265,-0.18893,0.20161
6.56667,7.75090,-5.81317,11.62635,7.69516,-5.77069,11.43772,-0.05574,0.04249,-0.18863,0.20122
6.57500,7.76359,-5.82269,11.64539,7.70807,-5.78037,11.45707,-0.05552,0.04233,-0.18832,0.20084
6.58333,7.77625,-5.83219,11.66438,7.72095,-5.79003,11.47637,-0.05531,0.04216,-0.18801,0.20046
6.59167,7.78889,-5.84167,11.68333,7.73380,-5.79966,11.49564,-0.05509,0.04200,-0.18770,0.20007
6.60000,7.80149,-5.85112,11.70224,7.74662,-5.80928,11.51485,-0.05487,0.04184,-0.18738,0.19968
6.60833,7.81407,-5.86055,11.72110,7.75941,-5.81888,11.53403,-0.05465,0.04167,-0.18707,0.19930
6.61667,7.82661,-5.86996,11.73991,7.77217,-5.82845,11.55316,-0.05443,0.04151,-0.18676,0.19891
6.62500,7.83912,-5.87934,11.75868,7.78491,-5.83800,11.57224,-0.05421,0.04134,-0.18644,0.19852
6.63333,7.85161,-5.88870,11.77741,7.79761,-5.84753,11.59128,-0.05399,0.04118,-0.18613,0.19812
6.64167,7.86406,-5.89804,11.79609,7.81029,-5.85703,11.61028,-0.05377,0.04101,-0.18581,0.19773
6.65000,7.87648,-5.90736,11.81472,7.82294,-5.86652,11.62923,-0.05355,0.04084,-0.18549,0.19734
6.65833,7.88887,-5.91666,11.83331,7.83555,-5.87598,11.64814,-0.05332,0.04067,-0.18517,0.19694
6.66667,7.90123,-5.92593,11.85185,7.84814,-5.88542,11.66700,-0.05310,0.04050,-0.18485,0.19655
6.67500,7.91356,-5.93517,11.87035,7.86069,-5.89484,11.68581,-0.05287,0.04033,-0.18453,0.19615
6.68333,7.92586,-5.94440,11.88880,7.87322,-5.90423,11.70458,-0.05264,0.04016,-0.18421,0.19575
6.69167,7.93813,-5.95360,11.90720,7.88572,-5.91361,11.72331,-0.05241,0.03999,-0.18389,0.19535
6.70000,7.95037,-5.96278,11.92555,7.89818,-5.92296,11.74199,-0.05219,0.03982,-0.18357,0.19495
6.70833,7.96257,-5.97193,11.94386,7.91062,-5.93228,11.76062,-0.05196,0.03965,-0.18324,0.19455
6.71667,7.97475,-5.98106,11.96212,7.92302,-5.94159,11.77921,-0.05172,0.03947,-0.18292,0.19415
6.72500,7.98689,-5.99017,11.98034,7.93540,-5.95087,11.79775,-0.05149,0.03930,-0.18259,0.19374
6.73333,7.99900,-5.99925,11.99850,7.94774,-5.96013,11.81624,-0.05126,0.03913,-0.18227,0.19334
6.74167,8.01108,-6.00831,12.01662,7.96006,-5.96936,11.83468,-0.05103,0.03895,-0.18194,0.19293
6.75000,8.02313,-6.01735,12.03469,7.97234,-5.97857,11.85308,-0.05079,0.03877,-0.18161,0.19253
6.75833,8.03514,-6.02636,12.05272,7.98459,-5.98776,11.87143,-0.05056,0.03860,-0.18128,0.19212
6.76667,8.04713,-6.03535,12.07069,7.99681,-5.99692,11.88974,-0.05032,0.03842,-0.18095,0.19171
6.77500,8.05908,-6.04431,12.08862,8.00899,-6.00607,11.90800,-0.05008,0.03824,-0.18062,0.19130
6.78333,8.07100,-6.05325,12.10650,8.02115,-6.01518,11.92620,-0.04985,0.03806,-0.18029,0.19089
6.79167,8.08288,-6.06216,12.12433,8.03328,-6.02428,11.94437,-0.04961,0.03789,-0.17996,0.19048
6.80000,8.09474,-6.07105,12.14211,8.04537,-6.03335,11.96248,-0.04937,0.03771,-0.17963,0.19007
6.80833,8.10656,-6.07992,12.15984,8.05743,-6.04239,11.98054,-0.04913,0.03753,-0.17929,0.18965
6.81667,8.11835,-6.08876,12.17752,8.06946,-6.05142,11.99856,-0.04889,0.03735,-0.17896,0.18924
6.82500,8.13010,-6.09758,12.19515,8.08146,-6.06041,12.01653,-0.04865,0.03716,-0.17863,0.18882
6.83333,8.14182,-6.10637,12.21274,8.09342,-6.06939,12.03445,-0.04840,0.03698,-0.17829,0.18841
6.84167,8.15351,-6.11514,12.23027,8.10535,-6.07834,12.05232,-0.04816,0.03680,-0.17795,0.18799
6.85000,8.16517,-6.12388,12.24776,8.11725,-6.08726,12.07014,-0.04792,0.03662,-0.17762,0.18758
6.85833,8.17679,-6.13260,12.26519,8.12912,-6.09616,12.08791,-0.04767,0.03643,-0.17728,0.18716
6.86667,8.18838,-6.14129,12.28258,8.14096,-6.10504,12.10563,-0.04743,0.03625,-0.17694,0.18674
6.87500,8.19994,-6.14995,12.29991,8.15276,-6.11389,12.12331,-0.04718,0.03606,-0.17660,0.18632
6.88333,8.21146,-6.15860,12.31719,8.16453,-6.12272,12.14093,-0.04693,0.03588,-0.17626,0.18590
6.89167,8.22295,-6.16721,12.33443,8.17627,-6.13152,12.15850,-0.04669,0.03569,-0.17592,0.18548
6.90000,8.23441,-6.17580,12.35161,8.18797,-6.14030,12.17603,-0.04644,0.03551,-0.17558,0.18506
6.90833,8.24583,-6.18437,12.36874,8.19964,-6.14905,12.19350,-0.04619,0.03532,-0.17524,0.18464
6.91667,8.25722,-6.19291,12.38582,8.21128,-6.15778,12.21092,-0.04594,0.03513,-0.17490,0.18421
6.92500,8.26857,-6.20143,12.40285,8.22288,-6.16648,12.22830,-0.04569,0.03494,-0.17456,0.18379
6.93333,8.27989,-6.20992,12.41983,8.23445,-6.17516,12.24562,-0.04544,0.03476,-0.17421,0.18337
6.94167,8.29117,-6.21838,12.43676,8.24599,-6.18381,12.26289,-0.04519,0.03457,-0.17387,0.18294
6.95000,8.30242,-6.22682,12.45363,8.25749,-6.19244,12.28011,-0.04493,0.03438,-0.17353,0.18252
6.95833,8.31364,-6.23523,12.47046,8.26896,-6.20104,12.29728,-0.04468,0.03419,-0.17318,0.18209
6.96667,8.32482,-6.24362,12.48723,8.28039,-6.20962,12.31440,-0.04443,0.03400,-0.17284,0.18166
6.97500,8.33597,-6.25198,12.50395,8.29179,-6.21817,12.33146,-0.04417,0.03381,-0.17249,0.18124
6.98333,8.34708,-6.26031,12.52062,8.30316,-6.22669,12.34848,-0.04392,0.03362,-0.17214,0.18081
6.99167,8.35816,-6.26862,12.53724,8.31449,-6.23519,12.36544,-0.04366,0.03342,-0.17180,0.18038
7.00000,8.36920,-6.27690,12.55380,8.32579,-6.24367,12.38235,-0.04341,0.03323,-0.17145,0.17995
7.00833,8.38021,-6.28516,12.57031,8.33706,-6.25212,12.39921,-0.04315,0.03304,-0.17110,0.17953
7.01667,8.39118,-6.29338,12.58677,8.34828,-6.26054,12.41602,-0.04290,0.03285,-0.17075,0.17910
7.02500,8.40212,-6.30159,12.60318,8.35948,-6.26893,12.43277,-0.04264,0.03265,-0.17041,0.17867
7.03333,8.41302,-6.30976,12.61953,8.37064,-6.27731,12.44947,-0.04238,0.03246,-0.17006,0.17824
7.04167,8.42389,-6.31791,12.63583,8.38176,-6.28565,12.46612,-0.04212,0.03227,-0.16971,0.17781
7.05000,8.43472,-6.32604,12.65208,8.39285,-6.29397,12.48272,-0.04186,0.03207,-0.16936,0.17738
7.05833,8.44551,-6.33413,12.66827,8.40391,-6.30226,12.49926,-0.04160,0.03188,-0.16901,0.17695
7.06667,8.45627,-6.34220,12.68441,8.41493,-6.31052,12.51575,-0.04134,0.03168,-0.16865,0.17651
7.07500,8.46700,-6.35025,12.70050,8.42591,-6.31876,12.53219,-0.04108,0.03148,-0.16830,0.17608
7.08333,8.47769,-6.35826,12.71653,8.43686,-6.32698,12.54858,-0.04082,0.03129,-0.16795,0.17565
7.09167,8.48834,-6.36625,12.73251,8.44778,-6.33516,12.56491,-0.04056,0.03109,-0.16760,0.17522
7.10000,8.49895,-6.37422,12.74843,8.45866,-6.34332,12.58118,-0.04030,0.03090,-0.16725,0.17479
7.10833,8.50954,-6.38215,12.76430,8.46950,-6.35145,12.59741,-0.04003,0.03070,-0.16689,0.17435
7.11667,8.52008,-6.39006,12.78012,8.48031,-6.35956,12.61358,-0.03977,0.03050,-0.16654,0.17392
7.12500,8.53059,-6.39794,12.79588,8.49108,-6.36764,12.62969,-0.03951,0.03030,-0.16619,0.17349
7.13333,8.54106,-6.40580,12.81159,8.50182,-6.37569,12.64576,-0.03924,0.03011,-0.16583,0.17305
7.14167,8.55150,-6.41362,12.82724,8.51252,-6.38371,12.66176,-0.03898,0.02991,-0.16548,0.17262
7.15000,8.56190,-6.42142,12.84284,8.52318,-6.39171,12.67772,-0.03872,0.02971,-0.16513,0.17219
7.15833,8.57226,-6.42919,12.85839,8.53381,-6.39968,12.69362,-0.03845,0.02951,-0.16477,0.17175
7.16667,8.58258,-6.43694,12.87388,8.54440,-6.40763,12.70946,-0.03819,0.02931,-0.16442,0.17132
7.17500,8.59287,-6.44466,12.88931,8.55495,-6.41554,12.72525,-0.03792,0.02911,-0.16406,0.17088
7.18333,8.60313,-6.45235,12.90469,8.56547,-6.42343,12.74099,-0.03765,0.02891,-0.16370,0.17045
7.19167,8.61334,-6.46001,12.92001,8.57596,-6.43130,12.75667,-0.03739,0.02871,-0.16335,0.17001
7.20000,8.62352,-6.46764,12.93528,8.58640,-6.43913,12.77229,-0.03712,0.02851,-0.16299,0.16958
7.20833,8.63366,-6.47525,12.95050,8.59681,-6.44694,12.78786,-0.03685,0.02831,-0.16264,0.16915
7.21667,8.64377,-6.48283,12.96565,8.60718,-6.45472,12.80337,-0.03659,0.02811,-0.16228,0.16871
7.22500,8.65384,-6.49038,12.98076,8.61752,-6.46247,12.81883,-0.03632,0.02791,-0.16192,0.16828
7.23333,8.66387,-6.49790,12.99580,8.62782,-6.47019,12.83424,-0.03605,0.02771,-0.16157,0.16784
7.24167,8.67386,-6.50540,13.01079,8.63808,-6.47789,12.84958,-0.03578,0.02751,-0.16121,0.16741
7.25000,8.68382,-6.51286,13.02573,8.64830,-6.48556,12.86487,-0.03551,0.02730,-0.16085,0.16697
7.25833,8.69374,-6.52030,13.04061,8.65849,-6.49320,12.88011,-0.03524,0.02710,-0.16050,0.16654
7.26667,8.70362,-6.52771,13.05543,8.66864,-6.50081,12.89529,-0.03498,0.02690,-0.16014,0.16611
7.27500,8.71346,-6.53510,13.07019,8.67876,-6.50840,12.91041,-0.03471,0.02670,-0.15978,0.16567
7.28333,8.72327,-6.54245,13.08490,8.68883,-6.51596,12.92548,-0.03444,0.02650,-0.15942,0.16524
7.29167,8.73304,-6.54978,13.09956,8.69887,-6.52348,12.94049,-0.03417,0.02629,-0.15906,0.16480
7.30000,8.74277,-6.55708,13.11415,8.70887,-6.53099,12.95545,-0.03390,0.02609,-0.15871,0.16437
7.30833,8.75246,-6.56435,13.12869,8.71883,-6.53846,12.97034,-0.03363,0.02589,-0.15835,0.16394
7.31667,8.76212,-6.57159,13.14317,8.72876,-6.54590,12.98518,-0.03336,0.02568,-0.15799,0.16350
7.32500,8.77173,-6.57880,13.15760,8.73865,-6.55332,12.99997,-0.03309,0.02548,-0.15763,0.16307
7.33333,8.78131,-6.58599,13.17197,8.74850,-6.56071,13.01470,-0.03281,0.02528,-0.15727,0.16264
7.34167,8.79086,-6.59314,13.18628,8.75831,-6.56807,13.02937,-0.03254,0.02507,-0.15692,0.16220
7.35000,8.80036,-6.60027,13.20054,8.76809,-6.57540,13.04398,-0.03227,0.02487,-0.15656,0.16177
7.35833,8.80982,-6.60737,13.21474,8.77782,-6.58270,13.05854,-0.03200,0.02467,-0.15620,0.16134
7.36667,8.81925,-6.61444,13.22888,8.78752,-6.58997,13.07304,-0.03173,0.02446,-0.15584,0.16091
7.37500,8.82864,-6.62148,13.24296,8.79718,-6.59722,13.08748,-0.03146,0.02426,-0.15548,0.16048
7.38333,8.83799,-6.62849,13.25698,8.80680,-6.60444,13.10186,-0.03119,0.02406,-0.15512,0.16005
7.39167,8.84730,-6.63548,13.27095,8.81639,-6.61162,13.11619,-0.03092,0.02385,-0.15477,0.15962
7.40000,8.85658,-6.64243,13.28486,8.82593,-6.61878,13.13046,-0.03064,0.02365,-0.15441,0.15918
7.40833,8.86581,-6.64936,13.29872,8.83544,-6.62591,13.14467,-0.03037,0.02344,-0.15405,0.15875
7.41667,8.87501,-6.65626,13.31251,8.84491,-6.63302,13.15882,-0.03010,0.02324,-0.15369,0.15833
7.42500,8.88417,-6.66312,13.32625,8.85434,-6.64009,13.17292,-0.02983,0.02304,-0.15333,0.15790
7.43333,8.89329,-6.66996,13.33993,8.86373,-6.64713,13.18695,-0.02956,0.02283,-0.15297,0.15747
7.44167,8.90237,-6.67677,13.35355,8.87308,-6.65415,13.20093,-0.02928,0.02263,-0.15262,0.15704
7.45000,8.91141,-6.68356,13.36711,8.88240,-6.66113,13.21485,-0.02901,0.02242,-0.15226,0.15661
7.45833,8.92041,-6.69031,13.38062,8.89167,-6.66809,13.22872,-0.02874,0.02222,-0.15190,0.15618
7.46667,8.92938,-6.69703,13.39406,8.90091,-6.67502,13.24252,-0.02847,0.02201,-0.15154,0.15576
7.47500,8.93830,-6.70373,13.40745,8.91011,-6.68192,13.25627,-0.02819,0.02181,-0.15119,0.15533
7.48333,8.94719,-6.71039,13.42078,8.91926,-6.68878,13.26995,-0.02792,0.02161,-0.15083,0.15491
7.49167,8.95604,-6.71703,13.43405,8.92838,-6.69562,13.28358,-0.02765,0.02140,-0.15047,0.15448
7.50000,8.96484,-6.72363,13.44727,8.93747,-6.70244,13.29715,-0.02738,0.02120,-0.15011,0.15406
7.50833,8.97361,-6.73021,13.46042,8.94651,-6.70922,13.31066,-0.02711,0.02099,-0.14976,0.15363
7.51667,8.98234,-6.73676,13.47352,8.95551,-6.71597,13.32411,-0.02683,0.02079,-0.14940,0.15321
7.52500,8.99103,-6.74328,13.48655,8.96447,-6.72269,13.33751,-0.02656,0.02058,-0.14904,0.15279
7.53333,8.99969,-6.74977,13.49953,8.97340,-6.72938,13.35084,-0.02629,0.02038,-0.14869,0.15236
7.54167,9.00830,-6.75622,13.51245,8.98228,-6.73605,13.36412,-0.02602,0.02018,-0.14833,0.15194
7.55000,9.01687,-6.76266,13.52531,8.99113,-6.74268,13.37733,-0.02575,0.01997,-0.14798,0.15152
7.55833,9.02541,-6.76906,13.53811,8.99993,-6.74929,13.39049,-0.02548,0.01977,-0.14762,0.15110
7.56667,9.03390,-6.77543,13.55085,9.00870,-6.75586,13.40359,-0.02521,0.01957,-0.14727,0.15068
7.57500,9.04236,-6.78177,13.56354,9.01742,-6.76241,13.41663,-0.02493,0.01936,-0.14691,0.15026
7.58333,9.05077,-6.78808,13.57616,9.02611,-6.76892,13.42961,-0.02466,0.01916,-0.14656,0.14985
7.59167,9.05915,-6.79436,13.58873,9.03476,-6.77541,13.44252,-0.02439,0.01895,-0.14620,0.14943
7.60000,9.06749,-6.80062,13.60123,9.04337,-6.78186,13.45538,-0.02412,0.01875,-0.14585,0.14901
7.60833,9.07579,-6.80684,13.61368,9.05194,-6.78829,13.46818,-0.02385,0.01855,-0.14549,0.14860
7.61667,9.08404,-6.81303,13.62607,9.06046,-6.79469,13.48093,-0.02358,0.01835,-0.14514,0.14818
7.62500,9.09226,-6.81920,13.63839,9.06895,-6.80105,13.49361,-0.02331,0.01814,-0.14479,0.14777
7.63333,9.10044,-6.82533,13.65066,9.07740,-6.80739,13.50623,-0.02304,0.01794,-0.14443,0.14736
7.64167,9.10858,-6.83144,13.66287,9.08581,-6.81370,13.51879,-0.02277,0.01774,-0.14408,0.14695
7.65000,9.11668,-6.83751,13.67502,9.09418,-6.81998,13.53129,-0.02250,0.01754,-0.14373,0.14653
7.65833,9.12474,-6.84356,13.68711,9.10251,-6.82622,13.54373,-0.02223,0.01733,-0.14338,0.14612
7.66667,9.13276,-6.84957,13.69914,9.11080,-6.83244,13.55611,-0.02196,0.01713,-0.14303,0.14571
7.67500,9.14074,-6.85556,13.71111,9.11905,-6.83863,13.56843,-0.02169,0.01693,-0.14268,0.14531
7.68333,9.14868,-6.86151,13.72302,9.12726,-6.84478,13.58070,-0.02143,0.01673,-0.14233,0.14490
7.69167,9.15658,-6.86744,13.73487,9.13543,-6.85091,13.59290,-0.02116,0.01653,-0.14198,0.14449
7.70000,9.16444,-6.87333,13.74667,9.14355,-6.85701,13.60504,-0.02089,0.01633,-0.14163,0.14409
7.70833,9.17226,-6.87920,13.75840,9.15164,-6.86307,13.61712,-0.02062,0.01612,-0.14128,0.14368
7.71667,9.18005,-6.88503,13.77007,9.15969,-6.86911,13.62914,-0.02035,0.01592,-0.14093,0.14328
7.72500,9.18779,-6.89084,13.78168,9.16770,-6.87512,13.64110,-0.02009,0.01572,-0.14058,0.14288
7.73333,9.19549,-6.89662,13.79323,9.17567,-6.88109,13.65300,-0.01982,0.01552,-0.14023,0.14248
7.74167,9.20315,-6.90236,13.80473,9.18360,-6.88704,13.66484,-0.01955,0.01532,-0.13989,0.14207
7.75000,9.21077,-6.90808,13.81616,9.19148,-6.89296,13.67662,-0.01929,0.01512,-0.13954,0.14168
7.75833,9.21835,-6.91377,13.82753,9.19933,-6.89884,13.68834,-0.01902,0.01492,-0.13919,0.14128
7.76667,9.22590,-6.91942,13.83884,9.20714,-6.90470,13.70000,-0.01876,0.01472,-0.13885,0.14088
7.77500,9.23340,-6.92505,13.85010,9.21490,-6.91052,13.71159,-0.01849,0.01453,-0.13850,0.14048
7.78333,9.24086,-6.93064,13.86129,9.22263,-6.91632,13.72313,-0.01823,0.01433,-0.13816,0.14009
7.79167,9.24828,-6.93621,13.87242,9.23032,-6.92208,13.73461,-0.01796,0.01413,-0.13781,0.13970
7.80000,9.25566,-6.94175,13.88349,9.23796,-6.92782,13.74602,-0.01770,0.01393,-0.13747,0.13930
7.80833,9.26300,-6.94725,13.89451,9.24557,-6.93352,13.75738,-0.01744,0.01373,-0.13713,0.13891
7.81667,9.27031,-6.95273,13.90546,9.25313,-6.93919,13.76867,-0.01717,0.01354,-0.13679,0.13852
7.82500,9.27757,-6.95818,13.91635,9.26065,-6.94484,13.77991,-0.01691,0.01334,-0.13644,0.13813
7.83333,9.28479,-6.96359,13.92718,9.26814,-6.95045,13.79108,-0.01665,0.01314,-0.13610,0.13775
7.84167,9.29197,-6.96898,13.93795,9.27558,-6.95603,13.80219,-0.01639,0.01295,-0.13576,0.13736
7.85000,9.29911,-6.97433,13.94867,9.28298,-6.96158,13.81324,-0.01613,0.01275,-0.13542,0.13697
7.85833,9.30621,-6.97966,13.95932,9.29034,-6.96710,13.82424,-0.01587,0.01256,-0.13508,0.13659
7.86667,9.31327,-6.98496,13.96991,9.29767,-6.97259,13.83517,-0.01561,0.01236,-0.13474,0.13621
7.87500,9.32029,-6.99022,13.98044,9.30495,-6.97806,13.84603,-0.01535,0.01217,-0.13441,0.13583
7.88333,9.32728,-6.99546,13.99091,9.31219,-6.98349,13.85684,-0.01509,0.01197,-0.13407,0.13545
7.89167,9.33422,-7.00066,14.00132,9.31939,-6.98888,13.86759,-0.01483,0.01178,-0.13373,0.13507
7.90000,9.34112,-7.00584,14.01168,9.32654,-6.99425,13.87828,-0.01457,0.01158,-0.13340,0.13469
7.90833,9.34798,-7.01098,14.02197,9.33366,-6.99959,13.88890,-0.01432,0.01139,-0.13306,0.13431
7.91667,9.35480,-7.01610,14.03220,9.34074,-7.00490,13.89947,-0.01406,0.01120,-0.13273,0.13394
7.92500,9.36158,-7.02118,14.04237,9.34778,-7.01018,13.90997,-0.01380,0.01101,-0.13239,0.13357
7.93333,9.36832,-7.02624,14.05248,9.35477,-7.01543,13.92042,-0.01355,0.01081,-0.13206,0.13319
7.94167,9.37502,-7.03126,14.06253,9.36173,-7.02064,13.93080,-0.01329,0.01062,-0.13173,0.13282
7.95000,9.38168,-7.03626,14.07252,9.36864,-7.02583,13.94112,-0.01304,0.01043,-0.13140,0.13245
7.95833,9.38830,-7.04122,14.08245,9.37552,-7.03098,13.95138,-0.01278,0.01024,-0.13107,0.13209
7.96667,9.39488,-7.04616,14.09232,9.38235,-7.03611,13.96158,-0.01253,0.01005,-0.13074,0.13172
7.97500,9.40142,-7.05106,14.10213,9.38914,-7.04120,13.97172,-0.01228,0.00986,-0.13041,0.13135
7.98333,9.40792,-7.05594,14.11188,9.39589,-7.04627,13.98180,-0.01203,0.00967,-0.13008,0.13099
7.99167,9.41438,-7.06078,14.12157,9.40260,-7.05130,13.99182,-0.01178,0.00948,-0.12975,0.13063
8.00000,9.42080,-7.06560,14.13120,9.40928,-7.05630,14.00178,-0.01152,0.00930,-0.12942,0.13027
8.00833,9.42718,-7.07039,14.14077,9.41591,-7.06128,14.01167,-0.01127,0.00911,-0.12910,0.12991
8.01667,9.43352,-7.07514,14.15028,9.42249,-7.06622,14.02151,-0.01103,0.00892,-0.12877,0.12955
8.02500,9.43982,-7.07987,14.15973,9.42904,-7.07113,14.03128,-0.01078,0.00873,-0.12845,0.12920
8.03333,9.44608,-7.08456,14.16912,9.43555,-7.07601,14.04099,-0.01053,0.00855,-0.12813,0.12884
8.04167,9.45230,-7.08923,14.17845,9.44202,-7.08086,14.05065,-0.01028,0.00836,-0.12780,0.12849
8.05000,9.45848,-7.09386,14.18772,9.44845,-7.08568,14.06024,-0.01003,0.00818,-0.12748,0.12814
8.05833,9.46462,-7.09847,14.19693,9.45483,-7.09047,14.06977,-0.00979,0.00799,-0.12716,0.12779
8.06667,9.47072,-7.10304,14.20608,9.46118,-7.09523,14.07924,-0.00954,0.00781,-0.12684,0.12744
8.07500,9.47678,-7.10759,14.21517,9.46748,-7.09996,14.08865,-0.00930,0.00762,-0.12652,0.12709
8.08333,9.48280,-7.11210,14.22420,9.47375,-7.10466,14.09800,-0.00906,0.00744,-0.12620,0.12675
8.09167,9.48878,-7.11659,14.23318,9.47997,-7.10933,14.10729,-0.00881,0.00726,-0.12589,0.12640
8.10000,9.49472,-7.12104,14.24209,9.48615,-7.11397,14.11652,-0.00857,0.00708,-0.12557,0.12606
8.10833,9.50063,-7.12547,14.25094,9.49230,-7.11857,14.12568,-0.00833,0.00690,-0.12526,0.12572
8.11667,9.50649,-7.12987,14.25973,9.49840,-7.12315,14.13479,-0.00809,0.00672,-0.12494,0.12538
8.12500,9.51231,-7.13423,14.26847,9.50446,-7.12770,14.14384,-0.00785,0.00654,-0.12463,0.12505
8.13333,9.51809,-7.13857,14.27714,9.51048,-7.13221,14.15282,-0.00761,0.00636,-0.12432,0.12471
8.14167,9.52384,-7.14288,14.28575,9.51646,-7.13670,14.16175,-0.00737,0.00618,-0.12400,0.12438
8.15000,9.52954,-7.14715,14.29431,9.52240,-7.14115,14.17061,-0.00713,0.00600,-0.12369,0.12404
8.15833,9.53520,-7.15140,14.30280,9.52830,-7.14558,14.17942,-0.00690,0.00582,-0.12338,0.12371
8.16667,9.54083,-7.15562,14.31124,9.53416,-7.14997,14.18816,-0.00666,0.00565,-0.12308,0.12338
8.17500,9.54641,-7.15981,14.31961,9.53998,-7.15434,14.19685,-0.00643,0.00547,-0.12277,0.12306
8.18333,9.55195,-7.16397,14.32793,9.54576,-7.15867,14.20547,-0.00619,0.00529,-0.12246,0.12273
8.19167,9.55746,-7.16810,14.33619,9.55150,-7.16298,14.21403,-0.00596,0.00512,-0.12216,0.12241
8.20000,9.56293,-7.17219,14.34439,9.55720,-7.16725,14.22254,-0.00573,0.00494,-0.12185,0.12209
8.20833,9.56835,-7.17627,14.35253,9.56286,-7.17149,14.23098,-0.00550,0.00477,-0.12155,0.12177
8.21667,9.57374,-7.18031,14.36061,9.56847,-7.17571,14.23937,-0.00527,0.00460,-0.12125,0.12145
8.22500,9.57909,-7.18432,14.36863,9.57405,-7.17989,14.24769,-0.00504,0.00442,-0.12094,0.12113
8.23333,9.58440,-7.18830,14.37660,9.57959,-7.18405,14.25595,-0.00481,0.00425,-0.12064,0.12081
8.24167,9.58967,-7.19225,14.38450,9.58509,-7.18817,14.26416,-0.00458,0.00408,-0.12034,0.12050
8.25000,9.59490,-7.19617,14.39235,9.59054,-7.19226,14.27230,-0.00435,0.00391,-0.12005,0.12019
8.25833,9.60009,-7.20007,14.40013,9.59596,-7.19633,14.28038,-0.00413,0.00374,-0.11975,0.11988
8.26667,9.60524,-7.20393,14.40786,9.60134,-7.20036,14.28841,-0.00390,0.00357,-0.11945,0.11957
8.27500,9.61036,-7.20777,14.41553,9.60668,-7.20436,14.29637,-0.00368,0.00340,-0.11916,0.11926
8.28333,9.61543,-7.21157,14.42315,9.61197,-7.20834,14.30428,-0.00346,0.00324,-0.11887,0.11896
8.29167,9.62047,-7.21535,14.43070,9.61723,-7.21228,14.31213,-0.00323,0.00307,-0.11857,0.11866
8.30000,9.62546,-7.21910,14.43819,9.62245,-7.21619,14.31991,-0.00301,0.00290,-0.11828,0.11836
8.30833,9.63042,-7.22282,14.44563,9.62763,-7.22008,14.32764,-0.00279,0.00274,-0.11799,0.11806
8.31667,9.63534,-7.22650,14.45301,9.63277,-7.22393,14.33531,-0.00257,0.00257,-0.11770,0.11776
8.32500,9.64022,-7.23016,14.46033,9.63787,-7.22775,14.34292,-0.00235,0.00241,-0.11741,0.11746
8.33333,9.64506,-7.23380,14.46759,9.64292,-7.23155,14.35047,-0.00214,0.00225,-0.11713,0.11717
8.34167,9.64986,-7.23740,14.47480,9.64794,-7.23531,14.35796,-0.00192,0.00209,-0.11684,0.11688
8.35000,9.65463,-7.24097,14.48194,9.65292,-7.23905,14.36539,-0.00171,0.00192,-0.11656,0.11659
8.35833,9.65936,-7.24452,14.48903,9.65786,-7.24275,14.37276,-0.00149,0.00176,-0.11627,0.11630
8.36667,9.66404,-7.24803,14.49607,9.66277,-7.24643,14.38007,-0.00128,0.00160,-0.11599,0.11601
8.37500,9.66869,-7.25152,14.50304,9.66763,-7.25008,14.38733,-0.00107,0.00144,-0.11571,0.11572
8.38333,9.67330,-7.25498,14.50996,9.67245,-7.25369,14.39453,-0.00086,0.00128,-0.11543,0.11544
8.39167,9.67788,-7.25841,14.51682,9.67723,-7.25728,14.40166,-0.00065,0.00113,-0.11515,0.11516
8.40000,9.68241,-7.26181,14.52362,9.68198,-7.26084,14.40874,-0.00044,0.00097,-0.11488,0.11488
8.40833,9.68691,-7.26518,14.53036,9.68668,-7.26437,14.41577,-0.00023,0.00081,-0.11460,0.11460
8.41667,9.69137,-7.26853,14.53705,9.69135,-7.26787,14.42273,-0.00002,0.00066,-0.11432,0.11433
8.42500,9.69579,-7.27184,14.54368,9.69597,-7.27134,14.42963,0.00018,0.00050,-0.11405,0.11405
8.43333,9.70017,-7.27513,14.55026,9.70056,-7.27478,14.43648,0.00039,0.00035,-0.11378,0.11378
8.44167,9.70452,-7.27839,14.55678,9.70511,-7.27819,14.44327,0.00059,0.00020,-0.11351,0.11351
8.45000,9.70882,-7.28162,14.56324,9.70962,-7.28157,14.45000,0.00080,0.00005,-0.11324,0.11324
8.45833,9.71309,-7.28482,14.56964,9.71409,-7.28493,14.45667,0.00100,-0.00011,-0.11297,0.11297
8.46667,9.71733,-7.28799,14.57599,9.71852,-7.28825,14.46329,0.00120,-0.00026,-0.11270,0.11271
8.47500,9.72152,-7.29114,14.58228,9.72292,-7.29155,14.46985,0.00140,-0.00041,-0.11244,0.11244
8.48333,9.72568,-7.29426,14.58852,9.72727,-7.29481,14.47635,0.00159,-0.00055,-0.11217,0.11218
8.49167,9.72980,-7.29735,14.59470,9.73159,-7.29805,14.48279,0.00179,-0.00070,-0.11191,0.11192
8.50000,9.73388,-7.30041,14.60082,9.73587,-7.30126,14.48918,0.00199,-0.00085,-0.11164,0.11167
8.50833,9.73793,-7.30345,14.60689,9.74011,-7.30444,14.49551,0.00218,-0.00100,-0.11138,0.11141
8.51667,9.74194,-7.30645,14.61290,9.74431,-7.30759,14.50178,0.00238,-0.00114,-0.11112,0.11116
8.52500,9.74591,-7.30943,14.61886,9.74847,-7.31072,14.50799,0.00257,-0.00129,-0.11087,0.11090
8.53333,9.74984,-7.31238,14.62476,9.75260,-7.31381,14.51415,0.00276,-0.00143,-0.11061,0.11065
8.54167,9.75374,-7.31530,14.63061,9.75669,-7.31688,14.52025,0.00295,-0.00157,-0.11035,0.11040
8.55000,9.75760,-7.31820,14.63640,9.76074,-7.31991,14.52630,0.00314,-0.00171,-0.11010,0.11016
8.55833,9.76142,-7.32107,14.64214,9.76475,-7.32292,14.53229,0.00333,-0.00185,-0.10985,0.10991
8.56667,9.76521,-7.32391,14.64782,9.76872,-7.32590,14.53822,0.00351,-0.00199,-0.10960,0.10967
8.57500,9.76896,-7.32672,14.65344,9.77266,-7.32886,14.54410,0.00370,-0.00213,-0.10934,0.10943
8.58333,9.77268,-7.32951,14.65901,9.77656,-7.33178,14.54992,0.00388,-0.00227,-0.10910,0.10919
8.59167,9.77635,-7.33227,14.66453,9.78042,-7.33468,14.55568,0.00406,-0.00241,-0.10885,0.10895
8.60000,9.78000,-7.33500,14.67000,9.78424,-7.33754,14.56139,0.00425,-0.00255,-0.10860,0.10872
8.60833,9.78360,-7.33770,14.67540,9.78803,-7.34038,14.56705,0.00443,-0.00268,-0.10836,0.10848
8.61667,9.78717,-7.34038,14.68076,9.79178,-7.34320,14.57265,0.00461,-0.00282,-0.10811,0.10825
8.62500,9.79071,-7.34303,14.68606,9.79549,-7.34598,14.57819,0.00478,-0.00295,-0.10787,0.10802
8.63333,9.79421,-7.34565,14.69131,9.79917,-7.34874,14.58368,0.00496,-0.00308,-0.10763,0.10779
8.64167,9.79767,-7.34825,14.69650,9.80280,-7.35147,14.58911,0.00514,-0.00321,-0.10739,0.10756
8.65000,9.80109,-7.35082,14.70164,9.80641,-7.35417,14.59449,0.00531,-0.00335,-0.10715,0.10734
8.65833,9.80449,-7.35336,14.70673,9.80997,-7.35684,14.59981,0.00548,-0.00348,-0.10692,0.10711
8.66667,9.80784,-7.35588,14.71176,9.81350,-7.35949,14.60508,0.00566,-0.00360,-0.10668,0.10689
8.67500,9.81116,-7.35837,14.71674,9.81699,-7.36210,14.61029,0.00583,-0.00373,-0.10645,0.10667
8.68333,9.81445,-7.36084,14.72167,9.82044,-7.36470,14.61546,0.00600,-0.00386,-0.10622,0.10646
8.69167,9.81770,-7.36327,14.72655,9.82386,-7.36726,14.62056,0.00616,-0.00399,-0.10599,0.10624
8.70000,9.82091,-7.36569,14.73137,9.82724,-7.36980,14.62561,0.00633,-0.00411,-0.10576,0.10603
8.70833,9.82409,-7.36807,14.73614,9.83059,-7.37231,14.63061,0.00650,-0.00424,-0.10553,0.10581
8.71667,9.82724,-7.37043,14.74086,9.83390,-7.37479,14.63556,0.00666,-0.00436,-0.10530,0.10560
8.72500,9.83035,-7.37276,14.74553,9.83718,-7.37724,14.64045,0.00682,-0.00448,-0.10508,0.10539
8.73333,9.83343,-7.37507,14.75014,9.84041,-7.37967,14.64529,0.00699,-0.00460,-0.10485,0.10519
8.74167,9.83647,-7.37735,14.75470,9.84362,-7.38208,14.65007,0.00715,-0.00472,-0.10463,0.10498
8.75000,9.83948,-7.37961,14.75922,9.84678,-7.38445,14.65481,0.00731,-0.00484,-0.10441,0.10478
8.75833,9.84245,-7.38184,14.76368,9.84991,-7.38680,14.65949,0.00746,-0.00496,-0.10419,0.10458
8.76667,9.84539,-7.38404,14.76809,9.85301,-7.38912,14.66411,0.00762,-0.00508,-0.10397,0.10438
8.77500,9.84830,-7.38622,14.77244,9.85607,-7.39142,14.66869,0.00777,-0.00520,-0.10376,0.10418
8.78333,9.85117,-7.38838,14.77675,9.85910,-7.39369,14.67321,0.00793,-0.00531,-0.10354,0.10398
8.79167,9.85401,-7.39050,14.78101,9.86209,-7.39593,14.67768,0.00808,-0.00543,-0.10333,0.10379
8.80000,9.85681,-7.39261,14.78522,9.86504,-7.39815,14.68210,0.00823,-0.00554,-0.10312,0.10359
8.80833,9.85958,-7.39469,14.78937,9.86796,-7.40034,14.68647,0.00838,-0.00565,-0.10291,0.10340
8.81667,9.86232,-7.39674,14.79348,9.87085,-7.40250,14.69078,0.00853,-0.00576,-0.10270,0.10321
8.82500,9.86502,-7.39877,14.79754,9.87370,-7.40464,14.69505,0.00868,-0.00587,-0.10249,0.10302
8.83333,9.86770,-7.40077,14.80154,9.87652,-7.40676,14.69926,0.00882,-0.00598,-0.10228,0.10284
8.84167,9.87033,-7.40275,14.80550,9.87930,-7.40884,14.70342,0.00897,-0.00609,-0.10208,0.10265
8.85000,9.87294,-7.40471,14.80941,9.88205,-7.41091,14.70754,0.00911,-0.00620,-0.10188,0.10247
8.85833,9.87551,-7.40664,14.81327,9.88477,-7.41294,14.71160,0.00925,-0.00631,-0.10167,0.10229
8.86667,9.87805,-7.40854,14.81708,9.88745,-7.41495,14.71561,0.00940,-0.00641,-0.10147,0.10211
8.87500,9.88056,-7.41042,14.82084,9.89010,-7.41694,14.71957,0.00953,-0.00652,-0.10127,0.10193
8.88333,9.88304,-7.41228,14.82456,9.89271,-7.41890,14.72348,0.00967,-0.00662,-0.10108,0.10175
8.89167,9.88548,-7.41411,14.82822,9.89529,-7.42084,14.72734,0.00981,-0.00672,-0.10088,0.10158
8.90000,9.88790,-7.41592,14.83184,9.89784,-7.42275,14.73116,0.00994,-0.00683,-0.10069,0.10141
8.90833,9.89028,-7.41771,14.83541,9.90035,-7.42463,14.73492,0.01008,-0.00693,-0.10049,0.10124
8.91667,9.89262,-7.41947,14.83894,9.90283,-7.42649,14.73863,0.01021,-0.00703,-0.10030,0.10107
8.92500,9.89494,-7.42121,14.84241,9.90528,-7.42833,14.74230,0.01034,-0.00712,-0.10011,0.10090
8.93333,9.89723,-7.42292,14.84584,9.90770,-7.43014,14.74591,0.01047,-0.00722,-0.09993,0.10073
8.94167,9.89948,-7.42461,14.84922,9.91008,-7.43193,14.74948,0.01060,-0.00732,-0.09974,0.10057
8.95000,9.90170,-7.42628,14.85256,9.91243,-7.43369,14.75300,0.01073,-0.00741,-0.09955,0.10040
8.95833,9.90390,-7.42792,14.85585,9.91475,-7.43543,14.75647,0.01085,-0.00751,-0.09937,0.10024
8.96667,9.90606,-7.42954,14.85909,9.91704,-7.43714,14.75990,0.01098,-0.00760,-0.09919,0.10008
8.97500,9.90819,-7.43114,14.86228,9.91929,-7.43884,14.76328,0.01110,-0.00769,-0.09901,0.09992
8.98333,9.91029,-7.43272,14.86543,9.92151,-7.44050,14.76661,0.01122,-0.00778,-0.09883,0.09977
8.99167,9.91236,-7.43427,14.86854,9.92370,-7.44214,14.76989,0.01134,-0.00787,-0.09865,0.09961
9.00000,9.91440,-7.43580,14.87160,9.92586,-7.44376,14.77312,0.01146,-0.00796,-0.09848,0.09946
9.00833,9.91641,-7.43731,14.87462,9.92799,-7.44536,14.77631,0.01158,-0.00805,-0.09830,0.09931
9.01667,9.91839,-7.43879,14.87759,9.93008,-7.44693,14.77946,0.01169,-0.00814,-0.09813,0.09916
9.02500,9.92034,-7.44026,14.88051,9.93215,-7.44848,14.78255,0.01181,-0.00823,-0.09796,0.09901
9.03333,9.92226,-7.44170,14.88339,9.93418,-7.45001,14.78561,0.01192,-0.00831,-0.09779,0.09886
9.04167,9.92415,-7.44312,14.88623,9.93619,-7.45151,14.78861,0.01203,-0.00839,-0.09762,0.09871
9.05000,9.92602,-7.44451,14.88902,9.93816,-7.45299,14.79157,0.01214,-0.00848,-0.09745,0.09857
9.05833,9.92785,-7.44589,14.89177,9.94010,-7.45445,14.79449,0.01225,-0.00856,-0.09729,0.09843
9.06667,9.92965,-7.44724,14.89448,9.94201,-7.45588,14.79736,0.01236,-0.00864,-0.09712,0.09829
9.07500,9.93143,-7.44857,14.89714,9.94390,-7.45729,14.80018,0.01247,-0.00872,-0.09696,0.09815
9.08333,9.93318,-7.44988,14.89977,9.94575,-7.45868,14.80297,0.01257,-0.00880,-0.09680,0.09801
9.09167,9.93490,-7.45117,14.90234,9.94757,-7.46005,14.80570,0.01267,-0.00888,-0.09664,0.09787
9.10000,9.93659,-7.45244,14.90488,9.94936,-7.46139,14.80840,0.01278,-0.00895,-0.09648,0.09774
9.10833,9.93825,-7.45369,14.90738,9.95113,-7.46272,14.81105,0.01288,-0.00903,-0.09633,0.09760
9.11667,9.93989,-7.45491,14.90983,9.95286,-7.46402,14.81366,0.01298,-0.00910,-0.09617,0.09747
9.12500,9.94149,-7.45612,14.91224,9.95457,-7.46530,14.81622,0.01307,-0.00918,-0.09602,0.09734
9.13333,9.94307,-7.45730,14.91461,9.95624,-7.46655,14.81874,0.01317,-0.00925,-0.09587,0.09721
9.14167,9.94463,-7.45847,14.91694,9.95789,-7.46779,14.82122,0.01326,-0.00932,-0.09572,0.09708
9.15000,9.94615,-7.45961,14.91923,9.95951,-7.46900,14.82366,0.01336,-0.00939,-0.09557,0.09695
9.15833,9.94765,-7.46074,14.92148,9.96110,-7.47020,14.82605,0.01345,-0.00946,-0.09542,0.09683
9.16667,9.94912,-7.46184,14.92368,9.96266,-7.47137,14.82841,0.01354,-0.00953,-0.09528,0.09670
9.17500,9.95057,-7.46293,14.92585,9.96420,-7.47252,14.83072,0.01363,-0.00960,-0.09513,0.09658
9.18333,9.95199,-7.46399,14.92798,9.96571,-7.47365,14.83299,0.01372,-0.00966,-0.09499,0.09646
9.19167,9.95338,-7.46504,14.93007,9.96718,-7.47476,14.83522,0.01380,-0.00973,-0.09485,0.09634
9.20000,9.95475,-7.46606,14.93212,9.96864,-7.47585,14.83741,0.01389,-0.00979,-0.09471,0.09622
9.20833,9.95609,-7.46707,14.93413,9.97006,-7.47692,14.83956,0.01397,-0.00985,-0.09457,0.09611
9.21667,9.95740,-7.46805,14.93611,9.97146,-7.47797,14.84167,0.01406,-0.00992,-0.09444,0.09599
9.22500,9.95870,-7.46902,14.93804,9.97283,-7.47900,14.84374,0.01414,-0.00998,-0.09430,0.09588
9.23333,9.95996,-7.46997,14.93994,9.97418,-7.48001,14.84577,0.01422,-0.01004,-0.09417,0.09576
9.24167,9.96120,-7.47090,14.94180,9.97549,-7.48099,14.84776,0.01429,-0.01009,-0.09404,0.09565
9.25000,9.96242,-7.47181,14.94362,9.97679,-7.48196,14.84972,0.01437,-0.01015,-0.09391,0.09554
9.25833,9.96361,-7.47271,14.94541,9.97805,-7.48291,14.85163,0.01445,-0.01021,-0.09378,0.09543
9.26667,9.96477,-7.47358,14.94716,9.97929,-7.48384,14.85351,0.01452,-0.01026,-0.09365,0.09532
9.27500,9.96592,-7.47444,14.94887,9.98051,-7.48476,14.85535,0.01459,-0.01032,-0.09353,0.09522
9.28333,9.96703,-7.47528,14.95055,9.98170,-7.48565,14.85715,0.01466,-0.01037,-0.09340,0.09511
9.29167,9.96813,-7.47610,14.95219,9.98286,-7.48652,14.85891,0.01473,-0.01042,-0.09328,0.09501
9.30000,9.96920,-7.47690,14.95380,9.98400,-7.48738,14.86064,0.01480,-0.01048,-0.09316,0.09491
9.30833,9.97025,-7.47769,14.95537,9.98512,-7.48821,14.86233,0.01487,-0.01053,-0.09304,0.09481
9.31667,9.97127,-7.47845,14.95691,9.98621,-7.48903,14.86399,0.01493,-0.01057,-0.09292,0.09471
9.32500,9.97228,-7.47921,14.95841,9.98727,-7.48983,14.86561,0.01500,-0.01062,-0.09281,0.09461
9.33333,9.97325,-7.47994,14.95988,9.98831,-7.49061,14.86719,0.01506,-0.01067,-0.09269,0.09451
9.34167,9.97421,-7.48066,14.96132,9.98933,-7.49137,14.86874,0.01512,-0.01072,-0.09258,0.09441
9.35000,9.97515,-7.48136,14.96272,9.99033,-7.49212,14.87025,0.01518,-0.01076,-0.09247,0.09432
9.35833,9.97606,-7.48204,14.96409,9.99130,-7.49285,14.87173,0.01524,-0.01080,-0.09236,0.09423
9.36667,9.97695,-7.48271,14.96542,9.99224,-7.49356,14.87318,0.01529,-0.01085,-0.09225,0.09413
9.37500,9.97782,-7.48336,14.96673,9.99317,-7.49425,14.87459,0.01535,-0.01089,-0.09214,0.09404
9.38333,9.97867,-7.48400,14.96800,9.99407,-7.49493,14.87596,0.01540,-0.01093,-0.09203,0.09395
9.39167,9.97949,-7.48462,14.96924,9.99495,-7.49559,14.87731,0.01546,-0.01097,-0.09193,0.09386
9.40000,9.98030,-7.48522,14.97045,9.99581,-7.49623,14.87862,0.01551,-0.01101,-0.09183,0.09378
9.40833,9.98108,-7.48581,14.97162,9.99664,-7.49686,14.87990,0.01556,-0.01105,-0.09173,0.09369
9.41667,9.98185,-7.48639,14.97277,9.99745,-7.49747,14.88114,0.01561,-0.01108,-0.09163,0.09360
9.42500,9.98259,-7.48694,14.97389,9.99825,-7.49806,14.88236,0.01565,-0.01112,-0.09153,0.09352
9.43333,9.98332,-7.48749,14.97497,9.99902,-7.49864,14.88354,0.01570,-0.01115,-0.09143,0.09344
9.44167,9.98402,-7.48801,14.97603,9.99976,-7.49920,14.88469,0.01574,-0.01119,-0.09134,0.09336
9.45000,9.98470,-7.48853,14.97706,10.00049,-7.49975,14.88582,0.01579,-0.01122,-0.09124,0.09327
9.45833,9.98537,-7.48903,14.97806,10.00120,-7.50028,14.88691,0.01583,-0.01125,-0.09115,0.09320
9.46667,9.98602,-7.48951,14.97903,10.00189,-7.50079,14.88797,0.01587,-0.01128,-0.09106,0.09312
9.47500,9.98665,-7.48998,14.97997,10.00255,-7.50129,14.88900,0.01591,-0.01131,-0.09097,0.09304
9.48333,9.98725,-7.49044,14.98088,10.00320,-7.50178,14.89000,0.01595,-0.01134,-0.09088,0.09296
9.49167,9.98785,-7.49088,14.98177,10.00383,-7.50225,14.89097,0.01598,-0.01137,-0.09080,0.09289
9.50000,9.98842,-7.49131,14.98263,10.00444,-7.50271,14.89192,0.01602,-0.01139,-0.09071,0.09282
9.50833,9.98897,-7.49173,14.98346,10.00502,-7.50315,14.89283,0.01605,-0.01142,-0.09063,0.09274
9.51667,9.98951,-7.49213,14.98427,10.00559,-7.50357,14.89372,0.01608,-0.01144,-0.09054,0.09267
9.52500,9.99003,-7.49252,14.98505,10.00615,-7.50399,14.89458,0.01611,-0.01146,-0.09046,0.09260
9.53333,9.99054,-7.49290,14.98580,10.00668,-7.50439,14.89542,0.01614,-0.01149,-0.09039,0.09253
9.54167,9.99102,-7.49327,14.98653,10.00719,-7.50477,14.89622,0.01617,-0.01151,-0.09031,0.09246
9.55000,9.99149,-7.49362,14.98724,10.00769,-7.50515,14.89701,0.01620,-0.01153,-0.09023,0.09240
9.55833,9.99195,-7.49396,14.98792,10.00817,-7.50551,14.89776,0.01622,-0.01155,-0.09016,0.09233
9.56667,9.99238,-7.49429,14.98857,10.00863,-7.50585,14.89849,0.01625,-0.01157,-0.09008,0.09226
9.57500,9.99280,-7.49460,14.98921,10.00907,-7.50619,14.89919,0.01627,-0.01158,-0.09001,0.09220
9.58333,9.99321,-7.49491,14.98982,10.00950,-7.50651,14.89987,0.01629,-0.01160,-0.08994,0.09214
9.59167,9.99360,-7.49520,14.99040,10.00991,-7.50681,14.90053,0.01631,-0.01161,-0.08987,0.09208
9.60000,9.99398,-7.49548,14.99097,10.01031,-7.50711,14.90116,0.01633,-0.01163,-0.08981,0.09202
9.60833,9.99434,-7.49575,14.99151,10.01068,-7.50739,14.90177,0.01635,-0.01164,-0.08974,0.09196
9.61667,9.99469,-7.49601,14.99203,10.01105,-7.50767,14.90235,0.01636,-0.01165,-0.08967,0.09190
9.62500,9.99502,-7.49626,14.99253,10.01139,-7.50793,14.90292,0.01638,-0.01166,-0.08961,0.09184
9.63333,9.99534,-7.49650,14.99301,10.01173,-7.50817,14.90346,0.01639,-0.01167,-0.08955,0.09178
9.64167,9.99564,-7.49673,14.99346,10.01206,-7.50839,14.90397,0.01641,-0.01166,-0.08949,0.09173
9.65000,9.99593,-7.49695,14.99390,10.01237,-7.50858,14.90447,0.01644,-0.01163,-0.08943,0.09167
9.65833,9.99621,-7.49716,14.99432,10.01269,-7.50875,14.90494,0.01648,-0.01159,-0.08938,0.09162
9.66667,9.99648,-7.49736,14.99472,10.01302,-7.50888,14.90539,0.01654,-0.01152,-0.08932,0.09157
9.67500,9.99673,-7.49755,14.99510,10.01335,-7.50898,14.90582,0.01662,-0.01143,-0.08927,0.09152
9.68333,9.99697,-7.49773,14.99546,10.01370,-7.50906,14.90623,0.01672,-0.01133,-0.08923,0.09149
9.69167,9.99720,-7.49790,14.99580,10.01406,-7.50912,14.90662,0.01686,-0.01121,-0.08918,0.09145
9.70000,9.99742,-7.49807,14.99613,10.01444,-7.50916,14.90699,0.01702,-0.01109,-0.08914,0.09143
9.70833,9.99763,-7.49822,14.99644,10.01485,-7.50918,14.90734,0.01722,-0.01096,-0.08910,0.09141
9.71667,9.99782,-7.49837,14.99673,10.01527,-7.50920,14.90767,0.01745,-0.01083,-0.08906,0.09140
9.72500,9.99801,-7.49850,14.99701,10.01570,-7.50921,14.90798,0.01770,-0.01071,-0.08902,0.09140
9.73333,9.99818,-7.49863,14.99727,10.01616,-7.50922,14.90828,0.01798,-0.01059,-0.08899,0.09140
9.74167,9.99834,-7.49876,14.99751,10.01662,-7.50923,14.90856,0.01828,-0.01048,-0.08896,0.09142
9.75000,9.99850,-7.49887,14.99774,10.01709,-7.50925,14.90882,0.01860,-0.01037,-0.08892,0.09144
9.75833,9.99864,-7.49898,14.99796,10.01757,-7.50926,14.90906,0.01893,-0.01028,-0.08889,0.09147
9.76667,9.99877,-7.49908,14.99816,10.01805,-7.50928,14.90930,0.01927,-0.01020,-0.08887,0.09150
9.77500,9.99890,-7.49917,14.99835,10.01853,-7.50931,14.90951,0.01963,-0.01013,-0.08884,0.09154
9.78333,9.99902,-7.49926,14.99852,10.01900,-7.50933,14.90971,0.01999,-0.01007,-0.08881,0.09159
9.79167,9.99912,-7.49934,14.99869,10.01948,-7.50936,14.90990,0.02035,-0.01002,-0.08878,0.09163
9.80000,9.99922,-7.49942,14.99884,10.01994,-7.50939,14.91008,0.02072,-0.00997,-0.08876,0.09169
9.80833,9.99932,-7.49949,14.99897,10.02041,-7.50941,14.91024,0.02109,-0.00992,-0.08873,0.09174
9.81667,9.99940,-7.49955,14.99910,10.02086,-7.50944,14.91039,0.02146,-0.00989,-0.08871,0.09180
9.82500,9.99948,-7.49961,14.99922,10.02131,-7.50946,14.91053,0.02183,-0.00985,-0.08868,0.09186
9.83333,9.99955,-7.49966,14.99932,10.02175,-7.50948,14.91066,0.02220,-0.00982,-0.08866,0.09192
9.84167,9.99961,-7.49971,14.99942,10.02218,-7.50950,14.91078,0.02257,-0.00979,-0.08864,0.09199
9.85000,9.99967,-7.49975,14.99951,10.02261,-7.50951,14.91089,0.02294,-0.00976,-0.08862,0.09206
9.85833,9.99972,-7.49979,14.99958,10.02302,-7.50952,14.91098,0.02330,-0.00973,-0.08860,0.09213
9.86667,9.99977,-7.49983,14.99965,10.02343,-7.50953,14.91107,0.02366,-0.00971,-0.08858,0.09220
9.87500,9.99981,-7.49986,14.99971,10.02383,-7.50954,14.91115,0.02402,-0.00968,-0.08856,0.09227
9.88333,9.99984,-7.49988,14.99977,10.02422,-7.50954,14.91122,0.02437,-0.00966,-0.08854,0.09234
9.89167,9.99987,-7.49991,14.99981,10.02459,-7.50954,14.91129,0.02472,-0.00963,-0.08853,0.09242
9.90000,9.99990,-7.49993,14.99985,10.02496,-7.50954,14.91134,0.02506,-0.00961,-0.08851,0.09249
9.90833,9.99992,-7.49994,14.99989,10.02532,-7.50953,14.91139,0.02539,-0.00959,-0.08850,0.09257
9.91667,9.99994,-7.49996,14.99991,10.02566,-7.50953,14.91143,0.02572,-0.00957,-0.08848,0.09264
9.92500,9.99996,-7.49997,14.99994,10.02600,-7.50952,14.91147,0.02604,-0.00955,-0.08847,0.09272
9.93333,9.99997,-7.49998,14.99996,10.02632,-7.50951,14.91150,0.02635,-0.00953,-0.08846,0.09279
9.94167,9.99998,-7.49999,14.99997,10.02664,-7.50949,14.91152,0.02666,-0.00951,-0.08845,0.09287
9.95000,9.99999,-7.49999,14.99998,10.02694,-7.50948,14.91154,0.02695,-0.00949,-0.08844,0.09294
9.95833,9.99999,-7.49999,14.99999,10.02722,-7.50946,14.91156,0.02723,-0.00947,-0.08843,0.09301
9.96667,10.00000,-7.50000,14.99999,10.02750,-7.50945,14.91157,0.02750,-0.00945,-0.08842,0.09308
9.97500,10.00000,-7.50000,15.00000,10.02776,-7.50943,14.91158,0.02777,-0.00943,-0.08842,0.09315
9.98333,10.00000,-7.50000,15.00000,10.02802,-7.50942,14.91159,0.02802,-0.00942,-0.08841,0.09322
9.99167,10.00000,-7.50000,15.00000,10.02825,-7.50940,14.91159,0.02825,-0.00940,-0.08841,0.09329
10.00000,10.00000,-7.50000,15.00000,10.02848,-7.50939,14.91160,0.02848,-0.00939,-0.08840,0.09335
10.00833,10.00000,-7.50000,15.00000,10.02870,-7.50938,14.91160,0.02870,-0.00938,-0.08840,0.09341
10.01667,10.00000,-7.50000,15.00000,10.02890,-7.50936,14.91160,0.02890,-0.00936,-0.08840,0.09347
10.02500,10.00000,-7.50000,15.00000,10.02909,-7.50935,14.91160,0.02909,-0.00935,-0.08840,0.09353
10.03333,10.00000,-7.50000,15.00000,10.02927,-7.50935,14.91160,0.02927,-0.00935,-0.08840,0.09359
10.04167,10.00000,-7.50000,15.00000,10.02943,-7.50934,14.91160,0.02943,-0.00934,-0.08840,0.09364
10.05000,10.00000,-7.50000,15.00000,10.02959,-7.50934,14.91160,0.02959,-0.00934,-0.08840,0.09369
10.05833,10.00000,-7.50000,15.00000,10.02973,-7.50933,14.91159,0.02973,-0.00933,-0.08841,0.09374
10.06667,10.00000,-7.50000,15.00000,10.02986,-7.50933,14.91159,0.02986,-0.00933,-0.08841,0.09378
10.07500,10.00000,-7.50000,15.00000,10.02998,-7.50933,14.91159,0.02998,-0.00933,-0.08841,0.09383
10.08333,10.00000,-7.50000,15.00000,10.03009,-7.50933,14.91158,0.03009,-0.00933,-0.08842,0.09387
10.09167,10.00000,-7.50000,15.00000,10.03019,-7.50934,14.91157,0.03019,-0.00934,-0.08843,0.09390
10.10000,10.00000,-7.50000,15.00000,10.03028,-7.50934,14.91157,0.03028,-0.00934,-0.08843,0.09394
10.10833,10.00000,-7.50000,15.00000,10.03036,-7.50935,14.91156,0.03036,-0.00935,-0.08844,0.09397
10.11667,10.00000,-7.50000,15.00000,10.03043,-7.50936,14.91155,0.03043,-0.00936,-0.08845,0.09400
10.12500,10.00000,-7.50000,15.00000,10.03049,-7.50937,14.91155,0.03049,-0.00937,-0.08845,0.09403
10.13333,10.00000,-7.50000,15.00000,10.03054,-7.50938,14.91154,0.03054,-0.00938,-0.08846,0.09405
10.14167,10.00000,-7.50000,15.00000,10.03057,-7.50939,14.91153,0.03057,-0.00939,-0.08847,0.09407
10.15000,10.00000,-7.50000,15.00000,10.03061,-7.50941,14.91152,0.03061,-0.00941,-0.08848,0.09409
10.15833,10.00000,-7.50000,15.00000,10.03063,-7.50942,14.91151,0.03063,-0.00942,-0.08849,0.09411
10.16667,10.00000,-7.50000,15.00000,10.03064,-7.50944,14.91150,0.03064,-0.00944,-0.08850,0.09412
10.17500,10.00000,-7.50000,15.00000,10.03064,-7.50946,14.91150,0.03064,-0.00946,-0.08850,0.09414
10.18333,10.00000,-7.50000,15.00000,10.03064,-7.50948,14.91149,0.03064,-0.00948,-0.08851,0.09415
10.19167,10.00000,-7.50000,15.00000,10.03063,-7.50951,14.91148,0.03063,-0.00951,-0.08852,0.09415
10.20000,10.00000,-7.50000,15.00000,10.03061,-7.50953,14.91147,0.03061,-0.00953,-0.08853,0.09416
10.20833,10.00000,-7.50000,15.00000,10.03058,-7.50956,14.91146,0.03058,-0.00956,-0.08854,0.09416
10.21667,10.00000,-7.50000,15.00000,10.03055,-7.50958,14.91145,0.03055,-0.00958,-0.08855,0.09416
10.22500,10.00000,-7.50000,15.00000,10.03051,-7.50961,14.91144,0.03051,-0.00961,-0.08856,0.09416
10.23333,10.00000,-7.50000,15.00000,10.03046,-7.50964,14.91143,0.03046,-0.00964,-0.08857,0.09416
10.24167,10.00000,-7.50000,15.00000,10.03041,-7.50967,14.91142,0.03041,-0.00967,-0.08858,0.09415
10.25000,10.00000,-7.50000,15.00000,10.03035,-7.50970,14.91141,0.03035,-0.00970,-0.08859,0.09414
10.25833,10.00000,-7.50000,15.00000,10.03028,-7.50973,14.91140,0.03028,-0.00973,-0.08860,0.09413
10.26667,10.00000,-7.50000,15.00000,10.03021,-7.50977,14.91139,0.03021,-0.00977,-0.08861,0.09412
10.27500,10.00000,-7.50000,15.00000,10.03013,-7.50980,14.91138,0.03013,-0.00980,-0.08862,0.09411
10.28333,10.00000,-7.50000,15.00000,10.03005,-7.50983,14.91138,0.03005,-0.00983,-0.08862,0.09410
10.29167,10.00000,-7.50000,15.00000,10.02996,-7.50987,14.91137,0.02996,-0.00987,-0.08863,0.09408
10.30000,10.00000,-7.50000,15.00000,10.02986,-7.50991,14.91136,0.02986,-0.00991,-0.08864,0.09406
10.30833,10.00000,-7.50000,15.00000,10.02977,-7.50994,14.91135,0.02977,-0.00994,-0.08865,0.09404
10.31667,10.00000,-7.50000,15.00000,10.02966,-7.50998,14.91134,0.02966,-0.00998,-0.08866,0.09402
10.32500,10.00000,-7.50000,15.00000,10.02955,-7.51001,14.91134,0.02955,-0.01001,-0.08866,0.09400
10.33333,10.00000,-7.50000,15.00000,10.02944,-7.51005,14.91133,0.02944,-0.01005,-0.08867,0.09397
10.34167,10.00000,-7.50000,15.00000,10.02933,-7.51009,14.91132,0.02933,-0.01009,-0.08868,0.09394
10.35000,10.00000,-7.50000,15.00000,10.02921,-7.51012,14.91131,0.02921,-0.01012,-0.08869,0.09392
10.35833,10.00000,-7.50000,15.00000,10.02908,-7.51016,14.91131,0.02908,-0.01016,-0.08869,0.09389
10.36667,10.00000,-7.50000,15.00000,10.02895,-7.51020,14.91130,0.02895,-0.01020,-0.08870,0.09386
10.37500,10.00000,-7.50000,15.00000,10.02882,-7.51024,14.91130,0.02882,-0.01024,-0.08870,0.09383
10.38333,10.00000,-7.50000,15.00000,10.02869,-7.51027,14.91129,0.02869,-0.01027,-0.08871,0.09379
10.39167,10.00000,-7.50000,15.00000,10.02855,-7.51031,14.91129,0.02855,-0.01031,-0.08871,0.09376
10.40000,10.00000,-7.50000,15.00000,10.02841,-7.51034,14.91128,0.02841,-0.01034,-0.08872,0.09373
10.40833,10.00000,-7.50000,15.00000,10.02826,-7.51038,14.91128,0.02826,-0.01038,-0.08872,0.09369
10.41667,10.00000,-7.50000,15.00000,10.02811,-7.51042,14.91128,0.02811,-0.01042,-0.08872,0.09365
10.42500,10.00000,-7.50000,15.00000,10.02796,-7.51045,14.91127,0.02796,-0.01045,-0.08873,0.09362
10.43333,10.00000,-7.50000,15.00000,10.02781,-7.51048,14.91127,0.02781,-0.01048,-0.08873,0.09358
10.44167,10.00000,-7.50000,15.00000,10.02766,-7.51052,14.91127,0.02766,-0.01052,-0.08873,0.09354
10.45000,10.00000,-7.50000,15.00000,10.02750,-7.51055,14.91127,0.02750,-0.01055,-0.08873,0.09350
10.45833,10.00000,-7.50000,15.00000,10.02734,-7.51058,14.91126,0.02734,-0.01058,-0.08874,0.09345
10.46667,10.00000,-7.50000,15.00000,10.02718,-7.51061,14.91126,0.02718,-0.01061,-0.08874,0.09341
10.47500,10.00000,-7.50000,15.00000,10.02701,-7.51064,14.91126,0.02701,-0.01064,-0.08874,0.09337
10.48333,10.00000,-7.50000,15.00000,10.02685,-7.51067,14.91126,0.02685,-0.01067,-0.08874,0.09332
10.49167,10.00000,-7.50000,15.00000,10.02668,-7.51070,14.91126,0.02668,-0.01070,-0.08874,0.09328
10.50000,10.00000,-7.50000,15.00000,10.02651,-7.51073,14.91126,0.02651,-0.01073,-0.08874,0.09323
10.50833,10.00000,-7.50000,15.00000,10.02634,-7.51076,14.91126,0.02634,-0.01076,-0.08874,0.09319
10.51667,10.00000,-7.50000,15.00000,10.02617,-7.51078,14.91127,0.02617,-0.01078,-0.08873,0.09314
10.52500,10.00000,-7.50000,15.00000,10.02600,-7.51081,14.91127,0.02600,-0.01081,-0.08873,0.09309
10.53333,10.00000,-7.50000,15.00000,10.02582,-7.51083,14.91127,0.02582,-0.01083,-0.08873,0.09304
10.54167,10.00000,-7.50000,15.00000,10.02564,-7.51086,14.91127,0.02564,-0.01086,-0.08873,0.09299
10.55000,10.00000,-7.50000,15.00000,10.02547,-7.51088,14.91128,0.02547,-0.01088,-0.08872,0.09294
10.55833,10.00000,-7.50000,15.00000,10.02529,-7.51090,14.91128,0.02529,-0.01090,-0.08872,0.09289
10.56667,10.00000,-7.50000,15.00000,10.02511,-7.51092,14.91129,0.02511,-0.01092,-0.08871,0.09284
10.57500,10.00000,-7.50000,15.00000,10.02493,-7.51094,14.91129,0.02493,-0.01094,-0.08871,0.09279
10.58333,10.00000,-7.50000,15.00000,10.02475,-7.51096,14.91130,0.02475,-0.01096,-0.08870,0.09274
10.59167,10.00000,-7.50000,15.00000,10.02456,-7.51098,14.91130,0.02456,-0.01098,-0.08870,0.09269
10.60000,10.00000,-7.50000,15.00000,10.02438,-7.51099,14.91131,0.02438,-0.01099,-0.08869,0.09264
10.60833,10.00000,-7.50000,15.00000,10.02420,-7.51101,14.91132,0.02420,-0.01101,-0.08868,0.09258
10.61667,10.00000,-7.50000,15.00000,10.02401,-7.51102,14.91132,0.02401,-0.01102,-0.08868,0.09253
10.62500,10.00000,-7.50000,15.00000,10.02383,-7.51103,14.91133,0.02383,-0.01103,-0.08867,0.09248
10.63333,10.00000,-7.50000,15.00000,10.02364,-7.51104,14.91134,0.02364,-0.01104,-0.08866,0.09242
10.64167,10.00000,-7.50000,15.00000,10.02346,-7.51105,14.91135,0.02346,-0.01105,-0.08865,0.09237
10.65000,10.00000,-7.50000,15.00000,10.02327,-7.51106,14.91136,0.02327,-0.01106,-0.08864,0.09231
10.65833,10.00000,-7.50000,15.00000,10.02309,-7.51107,14.91137,0.02309,-0.01107,-0.08863,0.09226
10.66667,10.00000,-7.50000,15.00000,10.02290,-7.51108,14.91138,0.02290,-0.01108,-0.08862,0.09220
10.67500,10.00000,-7.50000,15.00000,10.02271,-7.51108,14.91139,0.02271,-0.01108,-0.08861,0.09215
10.68333,10.00000,-7.50000,15.00000,10.02253,-7.51109,14.91140,0.02253,-0.01109,-0.08860,0.09209
10.69167,10.00000,-7.50000,15.00000,10.02234,-7.51109,14.91141,0.02234,-0.01109,-0.08859,0.09203
10.70000,10.00000,-7.50000,15.00000,10.02216,-7.51110,14.91142,0.02216,-0.01110,-0.08858,0.09198
10.70833,10.00000,-7.50000,15.00000,10.02197,-7.51110,14.91143,0.02197,-0.01110,-0.08857,0.09192
10.71667,10.00000,-7.50000,15.00000,10.02179,-7.51110,14.91145,0.02179,-0.01110,-0.08855,0.09187
10.72500,10.00000,-7.50000,15.00000,10.02160,-7.51110,14.91146,0.02160,-0.01110,-0.08854,0.09181
10.73333,10.00000,-7.50000,15.00000,10.02142,-7.51110,14.91147,0.02142,-0.01110,-0.08853,0.09175
10.74167,10.00000,-7.50000,15.00000,10.02123,-7.51109,14.91149,0.02123,-0.01109,-0.08851,0.09170
10.75000,10.00000,-7.50000,15.00000,10.02105,-7.51109,14.91150,0.02105,-0.01109,-0.08850,0.09164
10.75833,10.00000,-7.50000,15.00000,10.02086,-7.51109,14.91152,0.02086,-0.01109,-0.08848,0.09158
10.76667,10.00000,-7.50000,15.00000,10.02068,-7.51108,14.91153,0.02068,-0.01108,-0.08847,0.09152
10.77500,10.00000,-7.50000,15.00000,10.02050,-7.51107,14.91155,0.02050,-0.01107,-0.08845,0.09147
10.78333,10.00000,-7.50000,15.00000,10.02032,-7.51107,14.91157,0.02032,-0.01107,-0.08843,0.09141
10.79167,10.00000,-7.50000,15.00000,10.02014,-7.51106,14.91158,0.02014,-0.01106,-0.08842,0.09135
10.80000,10.00000,-7.50000,15.00000,10.01996,-7.51105,14.91160,0.01996,-0.01105,-0.08840,0.09129
10.80833,10.00000,-7.50000,15.00000,10.01978,-7.51104,14.91162,0.01978,-0.01104,-0.08838,0.09124
10.81667,10.00000,-7.50000,15.00000,10.01960,-7.51102,14.91164,0.01960,-0.01102,-0.08836,0.09118
10.82500,10.00000,-7.50000,15.00000,10.01942,-7.51101,14.91166,0.01942,-0.01101,-0.08834,0.09112
10.83333,10.00000,-7.50000,15.00000,10.01924,-7.51100,14.91167,0.01924,-0.01100,-0.08833,0.09106
10.84167,10.00000,-7.50000,15.00000,10.01907,-7.51098,14.91169,0.01907,-0.01098,-0.08831,0.09101
10.85000,10.00000,-7.50000,15.00000,10.01889,-7.51097,14.91171,0.01889,-0.01097,-0.08829,0.09095
10.85833,10.00000,-7.50000,15.00000,10.01872,-7.51095,14.91173,0.01872,-0.01095,-0.08827,0.09089
10.86667,10.00000,-7.50000,15.00000,10.01854,-7.51094,14.91175,0.01854,-0.01094,-0.08825,0.09083
10.87500,10.00000,-7.50000,15.00000,10.01837,-7.51092,14.91177,0.01837,-0.01092,-0.08823,0.09078
10.88333,10.00000,-7.50000,15.00000,10.01820,-7.51090,14.91180,0.01820,-0.01090,-0.08820,0.09072
10.89167,10.00000,-7.50000,15.00000,10.01803,-7.51088,14.91182,0.01803,-0.01088,-0.08818,0.09066
10.90000,10.00000,-7.50000,15.00000,10.01786,-7.51086,14.91184,0.01786,-0.01086,-0.08816,0.09061
10.90833,10.00000,-7.50000,15.00000,10.01770,-7.51084,14.91186,0.01770,-0.01084,-0.08814,0.09055
10.91667,10.00000,-7.50000,15.00000,10.01753,-7.51082,14.91188,0.01753,-0.01082,-0.08812,0.09049
10.92500,10.00000,-7.50000,15.00000,10.01736,-7.51080,14.91191,0.01736,-0.01080,-0.08809,0.09043
10.93333,10.00000,-7.50000,15.00000,10.01720,-7.51077,14.91193,0.01720,-0.01077,-0.08807,0.09038
10.94167,10.00000,-7.50000,15.00000,10.01704,-7.51075,14.91195,0.01704,-0.01075,-0.08805,0.09032
10.95000,10.00000,-7.50000,15.00000,10.01688,-7.51073,14.91198,0.01688,-0.01073,-0.08802,0.09026
10.95833,10.00000,-7.50000,15.00000,10.01672,-7.51070,14.91200,0.01672,-0.01070,-0.08800,0.09021
10.96667,10.00000,-7.50000,15.00000,10.01656,-7.51067,14.91203,0.01656,-0.01067,-0.08797,0.09015
10.97500,10.00000,-7.50000,15.00000,10.01640,-7.51065,14.91205,0.01640,-0.01065,-0.08795,0.09009
10.98333,10.00000,-7.50000,15.00000,10.01625,-7.51062,14.91208,0.01625,-0.01062,-0.08792,0.09004
10.99167,10.00000,-7.50000,15.00000,10.01609,-7.51059,14.91210,0.01609,-0.01059,-0.08790,0.08998
11.00000,10.00000,-7.50000,15.00000,10.01594,-7.51057,14.91213,0.01594,-0.01057,-0.08787,0.08993
11.00833,10.00000,-7.50000,15.00000,10.01579,-7.51054,14.91216,0.01579,-0.01054,-0.08784,0.08987
11.01667,10.00000,-7.50000,15.00000,10.01564,-7.51051,14.91218,0.01564,-0.01051,-0.08782,0.08981
11.02500,10.00000,-7.50000,15.00000,10.01549,-7.51048,14.91221,0.01549,-0.01048,-0.08779,0.08976
11.03333,10.00000,-7.50000,15.00000,10.01534,-7.51045,14.91224,0.01534,-0.01045,-0.08776,0.08970
11.04167,10.00000,-7.50000,15.00000,10.01520,-7.51042,14.91227,0.01520,-0.01042,-0.08773,0.08965
11.05000,10.00000,-7.50000,15.00000,10.01505,-7.51038,14.91229,0.01505,-0.01038,-0.08771,0.08959
11.05833,10.00000,-7.50000,15.00000,10.01491,-7.51035,14.91232,0.01491,-0.01035,-0.08768,0.08954
11.06667,10.00000,-7.50000,15.00000,10.01477,-7.51032,14.91235,0.01477,-0.01032,-0.08765,0.08948
11.07500,10.00000,-7.50000,15.00000,10.01463,-7.51029,14.91238,0.01463,-0.01029,-0.08762,0.08943
11.08333,10.00000,-7.50000,15.00000,10.01449,-7.51025,14.91241,0.01449,-0.01025,-0.08759,0.08937
11.09167,10.00000,-7.50000,15.00000,10.01436,-7.51022,14.91244,0.01436,-0.01022,-0.08756,0.08932
11.10000,10.00000,-7.50000,15.00000,10.01422,-7.51018,14.91247,0.01422,-0.01018,-0.08753,0.08927
11.10833,10.00000,-7.50000,15.00000,10.01409,-7.51015,14.91250,0.01409,-0.01015,-0.08750,0.08921
11.11667,10.00000,-7.50000,15.00000,10.01396,-7.51012,14.91253,0.01396,-0.01012,-0.08747,0.08916
11.12500,10.00000,-7.50000,15.00000,10.01383,-7.51008,14.91256,0.01383,-0.01008,-0.08744,0.08910
11.13333,10.00000,-7.50000,15.00000,10.01370,-7.51004,14.91259,0.01370,-0.01004,-0.08741,0.08905
11.14167,10.00000,-7.50000,15.00000,10.01357,-7.51001,14.91262,0.01357,-0.01001,-0.08738,0.08900
11.15000,10.00000,-7.50000,15.00000,10.01345,-7.50997,14.91265,0.01345,-0.00997,-0.08735,0.08894
11.15833,10.00000,-7.50000,15.00000,10.01332,-7.50994,14.91268,0.01332,-0.00994,-0.08732,0.08889
11.16667,10.00000,-7.50000,15.00000,10.01320,-7.50990,14.91271,0.01320,-0.00990,-0.08729,0.08884
11.17500,10.00000,-7.50000,15.00000,10.01308,-7.50986,14.91274,0.01308,-0.00986,-0.08726,0.08878
11.18333,10.00000,-7.50000,15.00000,10.01296,-7.50982,14.91277,0.01296,-0.00982,-0.08723,0.08873
11.19167,10.00000,-7.50000,15.00000,10.01285,-7.50979,14.91281,0.01285,-0.00979,-0.08719,0.08868
11.20000,10.00000,-7.50000,15.00000,10.01273,-7.50975,14.91284,0.01273,-0.00975,-0.08716,0.08863
11.20833,10.00000,-7.50000,15.00000,10.01262,-7.50971,14.91287,0.01262,-0.00971,-0.08713,0.08857
11.21667,10.00000,-7.50000,15.00000,10.01250,-7.50967,14.91290,0.01250,-0.00967,-0.08710,0.08852
11.22500,10.00000,-7.50000,15.00000,10.01239,-7.50963,14.91294,0.01239,-0.00963,-0.08706,0.08847
11.23333,10.00000,-7.50000,15.00000,10.01228,-7.50959,14.91297,0.01228,-0.00959,-0.08703,0.08842
11.24167,10.00000,-7.50000,15.00000,10.01218,-7.50956,14.91300,0.01218,-0.00956,-0.08700,0.08836
11.25000,10.00000,-7.50000,15.00000,10.01207,-7.50952,14.91303,0.01207,-0.00952,-0.08697,0.08831
11.25833,10.00000,-7.50000,15.00000,10.01197,-7.50948,14.91307,0.01197,-0.00948,-0.08693,0.08826
11.26667,10.00000,-7.50000,15.00000,10.01186,-7.50944,14.91310,0.01186,-0.00944,-0.08690,0.08821
11.27500,10.00000,-7.50000,15.00000,10.01176,-7.50940,14.91314,0.01176,-0.00940,-0.08686,0.08816
11.28333,10.00000,-7.50000,15.00000,10.01166,-7.50936,14.91317,0.01166,-0.00936,-0.08683,0.08811
11.29167,10.00000,-7.50000,15.00000,10.01157,-7.50932,14.91320,0.01157,-0.00932,-0.08680,0.08806
11.30000,10.00000,-7.50000,15.00000,10.01147,-7.50928,14.91324,0.01147,-0.00928,-0.08676,0.08801
11.30833,10.00000,-7.50000,15.00000,10.01137,-7.50924,14.91327,0.01137,-0.00924,-0.08673,0.08796
11.31667,10.00000,-7.50000,15.00000,10.01128,-7.50920,14.91331,0.01128,-0.00920,-0.08669,0.08791
11.32500,10.00000,-7.50000,15.00000,10.01119,-7.50916,14.91334,0.01119,-0.00916,-0.08666,0.08786
11.33333,10.00000,-7.50000,15.00000,10.01110,-7.50912,14.91338,0.01110,-0.00912,-0.08662,0.08781
11.34167,10.00000,-7.50000,15.00000,10.01101,-7.50908,14.91341,0.01101,-0.00908,-0.08659,0.08776
11.35000,10.00000,-7.50000,15.00000,10.01092,-7.50904,14.91345,0.01092,-0.00904,-0.08655,0.08771
11.35833,10.00000,-7.50000,15.00000,10.01084,-7.50900,14.91348,0.01084,-0.00900,-0.08652,0.08766
11.36667,10.00000,-7.50000,15.00000,10.01075,-7.50896,14.91352,0.01075,-0.00896,-0.08648,0.08761
11.37500,10.00000,-7.50000,15.00000,10.01067,-7.50892,14.91356,0.01067,-0.00892,-0.08644,0.08756
11.38333,10.00000,-7.50000,15.00000,10.01059,-7.50888,14.91359,0.01059,-0.00888,-0.08641,0.08751
11.39167,10.00000,-7.50000,15.00000,10.01051,-7.50884,14.91363,0.01051,-0.00884,-0.08637,0.08746
11.40000,10.00000,-7.50000,15.00000,10.01043,-7.50880,14.91366,0.01043,-0.00880,-0.08634,0.08741
11.40833,10.00000,-7.50000,15.00000,10.01036,-7.50876,14.91370,0.01036,-0.00876,-0.08630,0.08736
11.41667,10.00000,-7.50000,15.00000,10.01028,-7.50872,14.91374,0.01028,-0.00872,-0.08626,0.08731
11.42500,10.00000,-7.50000,15.00000,10.01021,-7.50868,14.91377,0.01021,-0.00868,-0.08623,0.08726
11.43333,10.00000,-7.50000,15.00000,10.01013,-7.50865,14.91381,0.01013,-0.00865,-0.08619,0.08721
11.44167,10.00000,-7.50000,15.00000,10.01006,-7.50861,14.91385,0.01006,-0.00861,-0.08615,0.08717
11.45000,10.00000,-7.50000,15.00000,10.00999,-7.50857,14.91388,0.00999,-0.00857,-0.08612,0.08712
11.45833,10.00000,-7.50000,15.00000,10.00992,-7.50853,14.91392,0.00992,-0.00853,-0.08608,0.08707
11.46667,10.00000,-7.50000,15.00000,10.00986,-7.50849,14.91396,0.00986,-0.00849,-0.08604,0.08702
11.47500,10.00000,-7.50000,15.00000,10.00979,-7.50845,14.91399,0.00979,-0.00845,-0.08601,0.08697
11.48333,10.00000,-7.50000,15.00000,10.00973,-7.50841,14.91403,0.00973,-0.00841,-0.08597,0.08693
11.49167,10.00000,-7.50000,15.00000,10.00966,-7.50837,14.91407,0.00966,-0.00837,-0.08593,0.08688
11.50000,10.00000,-7.50000,15.00000,10.00960,-7.50834,14.91411,0.00960,-0.00834,-0.08589,0.08683
11.50833,10.00000,-7.50000,15.00000,10.00954,-7.50830,14.91414,0.00954,-0.00830,-0.08586,0.08678
11.51667,10.00000,-7.50000,15.00000,10.00948,-7.50826,14.91418,0.00948,-0.00826,-0.08582,0.08674
11.52500,10.00000,-7.50000,15.00000,10.00942,-7.50822,14.91422,0.00942,-0.00822,-0.08578,0.08669
11.53333,10.00000,-7.50000,15.00000,10.00937,-7.50819,14.91426,0.00937,-0.00819,-0.08574,0.08664
11.54167,10.00000,-7.50000,15.00000,10.00931,-7.50815,14.91429,0.00931,-0.00815,-0.08571,0.08659
11.55000,10.00000,-7.50000,15.00000,10.00926,-7.50811,14.91433,0.00926,-0.00811,-0.08567,0.08655
11.55833,10.00000,-7.50000,15.00000,10.00921,-7.50808,14.91437,0.00921,-0.00808,-0.08563,0.08650
11.56667,10.00000,-7.50000,15.00000,10.00915,-7.50804,14.91441,0.00915,-0.00804,-0.08559,0.08645
11.57500,10.00000,-7.50000,15.00000,10.00910,-7.50800,14.91445,0.00910,-0.00800,-0.08555,0.08641
11.58333,10.00000,-7.50000,15.00000,10.00905,-7.50797,14.91448,0.00905,-0.00797,-0.08552,0.08636
11.59167,10.00000,-7.50000,15.00000,10.00901,-7.50793,14.91452,0.00901,-0.00793,-0.08548,0.08632
11.60000,10.00000,-7.50000,15.00000,10.00896,-7.50790,14.91456,0.00896,-0.00790,-0.08544,0.08627
11.60833,10.00000,-7.50000,15.00000,10.00891,-7.50786,14.91460,0.00891,-0.00786,-0.08540,0.08622
11.61667,10.00000,-7.50000,15.00000,10.00887,-7.50782,14.91464,0.00887,-0.00782,-0.08536,0.08618
11.62500,10.00000,-7.50000,15.00000,10.00882,-7.50779,14.91468,0.00882,-0.00779,-0.08532,0.08613
11.63333,10.00000,-7.50000,15.00000,10.00878,-7.50776,14.91472,0.00878,-0.00776,-0.08528,0.08609
11.64167,10.00000,-7.50000,15.00000,10.00874,-7.50772,14.91475,0.00874,-0.00772,-0.08525,0.08604
11.65000,10.00000,-7.50000,15.00000,10.00870,-7.50769,14.91479,0.00870,-0.00769,-0.08521,0.08599
11.65833,10.00000,-7.50000,15.00000,10.00866,-7.50765,14.91483,0.00866,-0.00765,-0.08517,0.08595
11.66667,10.00000,-7.50000,15.00000,10.00862,-7.50762,14.91487,0.00862,-0.00762,-0.08513,0.08590
11.67500,10.00000,-7.50000,15.00000,10.00858,-7.50759,14.91491,0.00858,-0.00759,-0.08509,0.08586
11.68333,10.00000,-7.50000,15.00000,10.00855,-7.50755,14.91495,0.00855,-0.00755,-0.08505,0.08581
11.69167,10.00000,-7.50000,15.00000,10.00851,-7.50752,14.91499,0.00851,-0.00752,-0.08501,0.08577
11.70000,10.00000,-7.50000,15.00000,10.00848,-7.50749,14.91503,0.00848,-0.00749,-0.08497,0.08572
11.70833,10.00000,-7.50000,15.00000,10.00845,-7.50746,14.91507,0.00845,-0.00746,-0.08493,0.08568
11.71667,10.00000,-7.50000,15.00000,10.00841,-7.50743,14.91510,0.00841,-0.00743,-0.08490,0.08563
11.72500,10.00000,-7.50000,15.00000,10.00838,-7.50740,14.91514,0.00838,-0.00740,-0.08486,0.08559
11.73333,10.00000,-7.50000,15.00000,10.00835,-7.50736,14.91518,0.00835,-0.00736,-0.08482,0.08554
11.74167,10.00000,-7.50000,15.00000,10.00832,-7.50733,14.91522,0.00832,-0.00733,-0.08478,0.08550
11.75000,10.00000,-7.50000,15.00000,10.00829,-7.50730,14.91526,0.00829,-0.00730,-0.08474,0.08546
11.75833,10.00000,-7.50000,15.00000,10.00826,-7.50727,14.91530,0.00826,-0.00727,-0.08470,0.08541
11.76667,10.00000,-7.50000,15.00000,10.00824,-7.50724,14.91534,0.00824,-0.00724,-0.08466,0.08537
11.77500,10.00000,-7.50000,15.00000,10.00821,-7.50721,14.91538,0.00821,-0.00721,-0.08462,0.08532
11.78333,10.00000,-7.50000,15.00000,10.00819,-7.50719,14.91542,0.00819,-0.00719,-0.08458,0.08528
11.79167,10.00000,-7.50000,15.00000,10.00816,-7.50716,14.91546,0.00816,-0.00716,-0.08454,0.08524
11.80000,10.00000,-7.50000,15.00000,10.00814,-7.50713,14.91550,0.00814,-0.00713,-0.08450,0.08519
11.80833,10.00000,-7.50000,15.00000,10.00811,-7.50710,14.91554,0.00811,-0.00710,-0.08446,0.08515
11.81667,10.00000,-7.50000,15.00000,10.00809,-7.50707,14.91558,0.00809,-0.00707,-0.08442,0.08510
11.82500,10.00000,-7.50000,15.00000,10.00807,-7.50705,14.91562,0.00807,-0.00705,-0.08438,0.08506
11.83333,10.00000,-7.50000,15.00000,10.00805,-7.50702,14.91566,0.00805,-0.00702,-0.08434,0.08502
11.84167,10.00000,-7.50000,15.00000,10.00803,-7.50699,14.91570,0.00803,-0.00699,-0.08430,0.08497
11.85000,10.00000,-7.50000,15.00000,10.00801,-7.50697,14.91573,0.00801,-0.00697,-0.08427,0.08493
11.85833,10.00000,-7.50000,15.00000,10.00799,-7.50694,14.91577,0.00799,-0.00694,-0.08423,0.08489
11.86667,10.00000,-7.50000,15.00000,10.00797,-7.50691,14.91581,0.00797,-0.00691,-0.08419,0.08484
11.87500,10.00000,-7.50000,15.00000,10.00796,-7.50689,14.91585,0.00796,-0.00689,-0.08415,0.08480
11.88333,10.00000,-7.50000,15.00000,10.00794,-7.50686,14.91589,0.00794,-0.00686,-0.08411,0.08476
11.89167,10.00000,-7.50000,15.00000,10.00792,-7.50684,14.91593,0.00792,-0.00684,-0.08407,0.08472
11.90000,10.00000,-7.50000,15.00000,10.00791,-7.50681,14.91597,0.00791,-0.00681,-0.08403,0.08467
11.90833,10.00000,-7.50000,15.00000,10.00789,-7.50679,14.91601,0.00789,-0.00679,-0.08399,0.08463
11.91667,10.00000,-7.50000,15.00000,10.00788,-7.50677,14.91605,0.00788,-0.00677,-0.08395,0.08459
11.92500,10.00000,-7.50000,15.00000,10.00787,-7.50674,14.91609,0.00787,-0.00674,-0.08391,0.08455
11.93333,10.00000,-7.50000,15.00000,10.00785,-7.50672,14.91613,0.00785,-0.00672,-0.08387,0.08450
11.94167,10.00000,-7.50000,15.00000,10.00784,-7.50670,14.91617,0.00784,-0.00670,-0.08383,0.08446
11.95000,10.00000,-7.50000,15.00000,10.00783,-7.50667,14.91621,0.00783,-0.00667,-0.08379,0.08442
11.95833,10.00000,-7.50000,15.00000,10.00782,-7.50665,14.91625,0.00782,-0.00665,-0.08375,0.08438
11.96667,10.00000,-7.50000,15.00000,10.00781,-7.50663,14.91629,0.00781,-0.00663,-0.08371,0.08433
11.97500,10.00000,-7.50000,15.00000,10.00780,-7.50661,14.91633,0.00780,-0.00661,-0.08367,0.08429
11.98333,10.00000,-7.50000,15.00000,10.00779,-7.50659,14.91637,0.00779,-0.00659,-0.08363,0.08425
11.99167,10.00000,-7.50000,15.00000,10.00778,-7.50657,14.91641,0.00778,-0.00657,-0.08359,0.08421
12.00000,10.00000,-7.50000,15.00000,10.00777,-7.50655,14.91645,0.00777,-0.00655,-0.08355,0.08417
12.00833,10.00000,-7.50000,15.00000,10.00776,-7.50653,14.91649,0.00776,-0.00653,-0.08351,0.08412
12.01667,10.00000,-7.50000,15.00000,10.00776,-7.50651,14.91653,0.00776,-0.00651,-0.08347,0.08408
12.02500,10.00000,-7.50000,15.00000,10.00775,-7.50649,14.91657,0.00775,-0.00649,-0.08343,0.08404
12.03333,10.00000,-7.50000,15.00000,10.00774,-7.50647,14.91661,0.00774,-0.00647,-0.08339,0.08400
12.04167,10.00000,-7.50000,15.00000,10.00774,-7.50645,14.91665,0.00774,-0.00645,-0.08335,0.08396
12.05000,10.00000,-7.50000,15.00000,10.00773,-7.50643,14.91669,0.00773,-0.00643,-0.08331,0.08392
12.05833,10.00000,-7.50000,15.00000,10.00773,-7.50641,14.91673,0.00773,-0.00641,-0.08327,0.08387
12.06667,10.00000,-7.50000,15.00000,10.00772,-7.50640,14.91677,0.00772,-0.00640,-0.08323,0.08383
12.07500,10.00000,-7.50000,15.00000,10.00772,-7.50638,14.91681,0.00772,-0.00638,-0.08319,0.08379
12.08333,10.00000,-7.50000,15.00000,10.00771,-7.50636,14.91685,0.00771,-0.00636,-0.08315,0.08375
12.09167,10.00000,-7.50000,15.00000,10.00771,-7.50634,14.91689,0.00771,-0.00634,-0.08311,0.08371
12.10000,10.00000,-7.50000,15.00000,10.00771,-7.50633,14.91693,0.00771,-0.00633,-0.08307,0.08367
12.10833,10.00000,-7.50000,15.00000,10.00770,-7.50631,14.91697,0.00770,-0.00631,-0.08303,0.08363
12.11667,10.00000,-7.50000,15.00000,10.00770,-7.50630,14.91701,0.00770,-0.00630,-0.08299,0.08359
12.12500,10.00000,-7.50000,15.00000,10.00770,-7.50628,14.91705,0.00770,-0.00628,-0.08295,0.08355
12.13333,10.00000,-7.50000,15.00000,10.00770,-7.50626,14.91709,0.00770,-0.00626,-0.08291,0.08351
12.14167,10.00000,-7.50000,15.00000,10.00769,-7.50625,14.91713,0.00769,-0.00625,-0.08287,0.08346
12.15000,10.00000,-7.50000,15.00000,10.00769,-7.50623,14.91717,0.00769,-0.00623,-0.08283,0.08342
12.15833,10.00000,-7.50000,15.00000,10.00769,-7.50622,14.91721,0.00769,-0.00622,-0.08279,0.08338
12.16667,10.00000,-7.50000,15.00000,10.00769,-7.50621,14.91725,0.00769,-0.00621,-0.08275,0.08334
12.17500,10.00000,-7.50000,15.00000,10.00769,-7.50619,14.91729,0.00769,-0.00619,-0.08271,0.08330
12.18333,10.00000,-7.50000,15.00000,10.00769,-7.50618,14.91732,0.00769,-0.00618,-0.08268,0.08326
12.19167,10.00000,-7.50000,15.00000,10.00769,-7.50616,14.91736,0.00769,-0.00616,-0.08264,0.08322
12.20000,10.00000,-7.50000,15.00000,10.00769,-7.50615,14.91740,0.00769,-0.00615,-0.08260,0.08318
12.20833,10.00000,-7.50000,15.00000,10.00769,-7.50614,14.91744,0.00769,-0.00614,-0.08256,0.08314
12.21667,10.00000,-7.50000,15.00000,10.00769,-7.50613,14.91748,0.00769,-0.00613,-0.08252,0.08310
12.22500,10.00000,-7.50000,15.00000,10.00769,-7.50611,14.91752,0.00769,-0.00611,-0.08248,0.08306
12.23333,10.00000,-7.50000,15.00000,10.00770,-7.50610,14.91756,0.00770,-0.00610,-0.08244,0.08302
12.24167,10.00000,-7.50000,15.00000,10.00770,-7.50609,14.91760,0.00770,-0.00609,-0.08240,0.08298
12.25000,10.00000,-7.50000,15.00000,10.00770,-7.50608,14.91764,0.00770,-0.00608,-0.08236,0.08294
12.25833,10.00000,-7.50000,15.00000,10.00770,-7.50607,14.91768,0.00770,-0.00607,-0.08232,0.08290
12.26667,10.00000,-7.50000,15.00000,10.00770,-7.50606,14.91772,0.00770,-0.00606,-0.08228,0.08286
12.27500,10.00000,-7.50000,15.00000,10.00771,-7.50604,14.91776,0.00771,-0.00604,-0.08224,0.08282
12.28333,10.00000,-7.50000,15.00000,10.00771,-7.50603,14.91780,0.00771,-0.00603,-0.08220,0.08278
12.29167,10.00000,-7.50000,15.00000,10.00771,-7.50602,14.91784,0.00771,-0.00602,-0.08216,0.08274
12.30000,10.00000,-7.50000,15.00000,10.00771,-7.50601,14.91788,0.00771,-0.00601,-0.08212,0.08270
12.30833,10.00000,-7.50000,15.00000,10.00772,-7.50600,14.91792,0.00772,-0.00600,-0.08208,0.08266
12.31667,10.00000,-7.50000,15.00000,10.00772,-7.50599,14.91796,0.00772,-0.00599,-0.08204,0.08262
12.32500,10.00000,-7.50000,15.00000,10.00772,-7.50598,14.91800,0.00772,-0.00598,-0.08200,0.08258
12.33333,10.00000,-7.50000,15.00000,10.00773,-7.50598,14.91804,0.00773,-0.00598,-0.08196,0.08254
12.34167,10.00000,-7.50000,15.00000,10.00773,-7.50597,14.91808,0.00773,-0.00597,-0.08192,0.08250
12.35000,10.00000,-7.50000,15.00000,10.00773,-7.50596,14.91812,0.00773,-0.00596,-0.08188,0.08246
12.35833,10.00000,-7.50000,15.00000,10.00774,-7.50595,14.91816,0.00774,-0.00595,-0.08184,0.08242
12.36667,10.00000,-7.50000,15.00000,10.00774,-7.50594,14.91820,0.00774,-0.00594,-0.08180,0.08238
12.37500,10.00000,-7.50000,15.00000,10.00775,-7.50593,14.91823,0.00775,-0.00593,-0.08177,0.08235
12.38333,10.00000,-7.50000,15.00000,10.00775,-7.50593,14.91827,0.00775,-0.00593,-0.08173,0.08231
12.39167,10.00000,-7.50000,15.00000,10.00776,-7.50592,14.91831,0.00776,-0.00592,-0.08169,0.08227
12.40000,10.00000,-7.50000,15.00000,10.00776,-7.50591,14.91835,0.00776,-0.00591,-0.08165,0.08223
12.40833,10.00000,-7.50000,15.00000,10.00776,-7.50590,14.91839,0.00776,-0.00590,-0.08161,0.08219
12.41667,10.00000,-7.50000,15.00000,10.00777,-7.50590,14.91843,0.00777,-0.00590,-0.08157,0.08215
12.42500,10.00000,-7.50000,15.00000,10.00777,-7.50589,14.91847,0.00777,-0.00589,-0.08153,0.08211
12.43333,10.00000,-7.50000,15.00000,10.00778,-7.50588,14.91851,0.00778,-0.00588,-0.08149,0.08207
12.44167,10.00000,-7.50000,15.00000,10.00778,-7.50588,14.91855,0.00778,-0.00588,-0.08145,0.08203
12.45000,10.00000,-7.50000,15.00000,10.00779,-7.50587,14.91859,0.00779,-0.00587,-0.08141,0.08199
12.45833,10.00000,-7.50000,15.00000,10.00779,-7.50586,14.91863,0.00779,-0.00586,-0.08137,0.08195
12.46667,10.00000,-7.50000,15.00000,10.00780,-7.50586,14.91867,0.00780,-0.00586,-0.08133,0.08192
12.47500,10.00000,-7.50000,15.00000,10.00780,-7.50585,14.91871,0.00780,-0.00585,-0.08129,0.08188
12.48333,10.00000,-7.50000,15.00000,10.00781,-7.50585,14.91875,0.00781,-0.00585,-0.08125,0.08184
12.49167,10.00000,-7.50000,15.00000,10.00781,-7.50584,14.91878,0.00781,-0.00584,-0.08122,0.08180
12.50000,10.00000,-7.50000,15.00000,10.00782,-7.50584,14.91882,0.00782,-0.00584,-0.08118,0.08176
12.50833,10.00000,-7.50000,15.00000,10.00782,-7.50583,14.91886,0.00782,-0.00583,-0.08114,0.08172
12.51667,10.00000,-7.50000,15.00000,10.00783,-7.50583,14.91890,0.00783,-0.00583,-0.08110,0.08168
12.52500,10.00000,-7.50000,15.00000,10.00783,-7.50582,14.91894,0.00783,-0.00582,-0.08106,0.08164
12.53333,10.00000,-7.50000,15.00000,10.00784,-7.50582,14.91898,0.00784,-0.00582,-0.08102,0.08161
12.54167,10.00000,-7.50000,15.00000,10.00785,-7.50581,14.91902,0.00785,-0.00581,-0.08098,0.08157
12.55000,10.00000,-7.50000,15.00000,10.00785,-7.50581,14.91906,0.00785,-0.00581,-0.08094,0.08153
12.55833,10.00000,-7.50000,15.00000,10.00786,-7.50580,14.91910,0.00786,-0.00580,-0.08090,0.08149
12.56667,10.00000,-7.50000,15.00000,10.00786,-7.50580,14.91914,0.00786,-0.00580,-0.08086,0.08145
12.57500,10.00000,-7.50000,15.00000,10.00787,-7.50580,14.91918,0.00787,-0.00580,-0.08082,0.08141
12.58333,10.00000,-7.50000,15.00000,10.00787,-7.50579,14.91921,0.00787,-0.00579,-0.08079,0.08137
12.59167,10.00000,-7.50000,15.00000,10.00788,-7.50579,14.91925,0.00788,-0.00579,-0.08075,0.08134
12.60000,10.00000,-7.50000,15.00000,10.00788,-7.50579,14.91929,0.00788,-0.00579,-0.08071,0.08130
12.60833,10.00000,-7.50000,15.00000,10.00789,-7.50578,14.91933,0.00789,-0.00578,-0.08067,0.08126
12.61667,10.00000,-7.50000,15.00000,10.00789,-7.50578,14.91937,0.00789,-0.00578,-0.08063,0.08122
12.62500,10.00000,-7.50000,15.00000,10.00790,-7.50578,14.91941,0.00790,-0.00578,-0.08059,0.08118
12.63333,10.00000,-7.50000,15.00000,10.00790,-7.50577,14.91945,0.00790,-0.00577,-0.08055,0.08114
12.64167,10.00000,-7.50000,15.00000,10.00791,-7.50577,14.91949,0.00791,-0.00577,-0.08051,0.08111
12.65000,10.00000,-7.50000,15.00000,10.00792,-7.50577,14.91953,0.00792,-0.00577,-0.08047,0.08107
12.65833,10.00000,-7.50000,15.00000,10.00792,-7.50577,14.91956,0.00792,-0.00577,-0.08044,0.08103
12.66667,10.00000,-7.50000,15.00000,10.00793,-7.50576,14.91960,0.00793,-0.00576,-0.08040,0.08099
12.67500,10.00000,-7.50000,15.00000,10.00793,-7.50576,14.91964,0.00793,-0.00576,-0.08036,0.08095
12.68333,10.00000,-7.50000,15.00000,10.00794,-7.50576,14.91968,0.00794,-0.00576,-0.08032,0.08092
12.69167,10.00000,-7.50000,15.00000,10.00794,-7.50576,14.91972,0.00794,-0.00576,-0.08028,0.08088
12.70000,10.00000,-7.50000,15.00000,10.00795,-7.50575,14.91976,0.00795,-0.00575,-0.08024,0.08084
12.70833,10.00000,-7.50000,15.00000,10.00795,-7.50575,14.91980,0.00795,-0.00575,-0.08020,0.08080
12.71667,10.00000,-7.50000,15.00000,10.00796,-7.50575,14.91984,0.00796,-0.00575,-0.08016,0.08076
12.72500,10.00000,-7.50000,15.00000,10.00796,-7.50575,14.91987,0.00796,-0.00575,-0.08013,0.08073
12.73333,10.00000,-7.50000,15.00000,10.00797,-7.50575,14.91991,0.00797,-0.00575,-0.08009,0.08069
12.74167,10.00000,-7.50000,15.00000,10.00797,-7.50575,14.91995,0.00797,-0.00575,-0.08005,0.08065
12.75000,10.00000,-7.50000,15.00000,10.00798,-7.50574,14.91999,0.00798,-0.00574,-0.08001,0.08061
12.75833,10.00000,-7.50000,15.00000,10.00798,-7.50574,14.92003,0.00798,-0.00574,-0.07997,0.08057
12.76667,10.00000,-7.50000,15.00000,10.00799,-7.50574,14.92007,0.00799,-0.00574,-0.07993,0.08054
12.77500,10.00000,-7.50000,15.00000,10.00799,-7.50574,14.92011,0.00799,-0.00574,-0.07989,0.08050
12.78333,10.00000,-7.50000,15.00000,10.00800,-7.50574,14.92014,0.00800,-0.00574,-0.07986,0.08046
12.79167,10.00000,-7.50000,15.00000,10.00800,-7.50574,14.92018,0.00800,-0.00574,-0.07982,0.08042
12.80000,10.00000,-7.50000,15.00000,10.00801,-7.50574,14.92022,0.00801,-0.00574,-0.07978,0.08038
12.80833,10.00000,-7.50000,15.00000,10.00801,-7.50574,14.92026,0.00801,-0.00574,-0.07974,0.08035
12.81667,10.00000,-7.50000,15.00000,10.00802,-7.50573,14.92030,0.00802,-0.00573,-0.07970,0.08031
12.82500,10.00000,-7.50000,15.00000,10.00802,-7.50573,14.92034,0.00802,-0.00573,-0.07966,0.08027
12.83333,10.00000,-7.50000,15.00000,10.00802,-7.50573,14.92037,0.00802,-0.00573,-0.07963,0.08023
12.84167,10.00000,-7.50000,15.00000,10.00803,-7.50573,14.92041,0.00803,-0.00573,-0.07959,0.08020
12.85000,10.00000,-7.50000,15.00000,10.00803,-7.50573,14.92045,0.00803,-0.00573,-0.07955,0.08016
12.85833,10.00000,-7.50000,15.00000,10.00804,-7.50573,14.92049,0.00804,-0.00573,-0.07951,0.08012
12.86667,10.00000,-7.50000,15.00000,10.00804,-7.50573,14.92053,0.00804,-0.00573,-0.07947,0.08008
12.87500,10.00000,-7.50000,15.00000,10.00805,-7.50573,14.92057,0.00805,-0.00573,-0.07943,0.08005
12.88333,10.00000,-7.50000,15.00000,10.00805,-7.50573,14.92060,0.00805,-0.00573,-0.07940,0.08001
12.89167,10.00000,-7.50000,15.00000,10.00805,-7.50573,14.92064,0.00805,-0.00573,-0.07936,0.07997
12.90000,10.00000,-7.50000,15.00000,10.00806,-7.50573,14.92068,0.00806,-0.00573,-0.07932,0.07993
12.90833,10.00000,-7.50000,15.00000,10.00806,-7.50573,14.92072,0.00806,-0.00573,-0.07928,0.07990
12.91667,10.00000,-7.50000,15.00000,10.00807,-7.50573,14.92076,0.00807,-0.00573,-0.07924,0.07986
12.92500,10.00000,-7.50000,15.00000,10.00807,-7.50573,14.92080,0.00807,-0.00573,-0.07920,0.07982
12.93333,10.00000,-7.50000,15.00000,10.00807,-7.50573,14.92083,0.00807,-0.00573,-0.07917,0.07978
12.94167,10.00000,-7.50000,15.00000,10.00808,-7.50573,14.92087,0.00808,-0.00573,-0.07913,0.07975
12.95000,10.00000,-7.50000,15.00000,10.00808,-7.50573,14.92091,0.00808,-0.00573,-0.07909,0.07971
12.95833,10.00000,-7.50000,15.00000,10.00808,-7.50573,14.92095,0.00808,-0.00573,-0.07905,0.07967
12.96667,10.00000,-7.50000,15.00000,10.00809,-7.50573,14.92099,0.00809,-0.00573,-0.07901,0.07963
12.97500,10.00000,-7.50000,15.00000,10.00809,-7.50573,14.92102,0.00809,-0.00573,-0.07898,0.07960
12.98333,10.00000,-7.50000,15.00000,10.00809,-7.50573,14.92106,0.00809,-0.00573,-0.07894,0.07956
12.99167,10.00000,-7.50000,15.00000,10.00810,-7.50573,14.92110,0.00810,-0.00573,-0.07890,0.07952
